2026-08-14 05:53:40.113 [info] [main] Log level: Info
2026-08-14 05:53:40.113 [info] [main] Validating found git in: "git"
2026-08-14 05:53:40.113 [info] [main] Using git "2.55.0" from "git"
2026-08-14 05:53:40.113 [info] [Model][doInitialScan] Initial repository scan started
2026-08-14 05:53:40.113 [info] > git rev-parse --show-toplevel [7ms]
2026-08-14 05:53:40.144 [info] > git rev-parse --git-dir --git-common-dir --show-superproject-working-tree [26ms]
2026-08-14 05:53:40.341 [info] [Model][openRepository] Opened repository (path): /home/anti/.config
2026-08-14 05:53:40.341 [info] [Model][openRepository] Opened repository (real path): /home/anti/.config
2026-08-14 05:53:40.341 [info] [Model][openRepository] Opened repository (kind): repository
2026-08-14 05:53:40.412 [info] > git config --get --local core.virtualfilesystem [64ms]
2026-08-14 05:53:40.412 [warning] [Git][config] git config failed: Failed to execute git
2026-08-14 05:53:40.422 [info] > git config --get commit.template [22ms]
2026-08-14 05:53:40.424 [info] > git rev-parse --show-toplevel [19ms]
2026-08-14 05:53:40.442 [info] > git rev-parse --show-toplevel [3ms]
2026-08-14 05:53:40.442 [info] > git for-each-ref --format=%(refname)%00%(upstream:short)%00%(objectname)%00%(upstream:track)%00%(upstream:remotename)%00%(upstream:remoteref) refs/heads/main refs/remotes/main [11ms]
2026-08-14 05:53:40.451 [info] > git rev-parse --show-toplevel [1ms]
2026-08-14 05:53:40.474 [info] > git rev-parse --show-toplevel [2ms]
2026-08-14 05:53:40.475 [info] > git for-each-ref --sort -committerdate --format %(refname)%00%(objectname)%00%(*objectname) [9ms]
2026-08-14 05:53:40.483 [info] > git status -z -uall [24ms]
2026-08-14 05:53:40.495 [info] > git rev-parse --show-toplevel [14ms]
2026-08-14 05:53:40.512 [info] > git config --get commit.template [8ms]
2026-08-14 05:53:40.512 [info] > git for-each-ref --format=%(refname)%00%(upstream:short)%00%(objectname)%00%(upstream:track)%00%(upstream:remotename)%00%(upstream:remoteref) refs/heads/main refs/remotes/main [18ms]
2026-08-14 05:53:40.518 [info] > git rev-parse --show-toplevel [10ms]
2026-08-14 05:53:40.527 [info] > git config --get --local branch.main.vscode-merge-base [10ms]
2026-08-14 05:53:40.540 [info] > git for-each-ref --format=%(refname)%00%(upstream:short)%00%(objectname)%00%(upstream:track)%00%(upstream:remotename)%00%(upstream:remoteref) refs/heads/main refs/remotes/main [18ms]
2026-08-14 05:53:40.541 [info] > git for-each-ref --format=%(refname)%00%(upstream:short)%00%(objectname)%00%(upstream:track)%00%(upstream:remotename)%00%(upstream:remoteref) refs/heads/origin/main refs/remotes/origin/main [9ms]
2026-08-14 05:53:40.548 [info] > git rev-parse --show-toplevel [21ms]
2026-08-14 05:53:40.571 [info] > git merge-base refs/heads/main refs/remotes/origin/main [22ms]
2026-08-14 05:53:40.585 [info] > git rev-parse --show-toplevel [31ms]
2026-08-14 05:53:40.605 [info] > git status -z -uall [24ms]
2026-08-14 05:53:40.605 [info] > git diff --raw --numstat --diff-filter=ADMR -z --find-renames=50% f586f5864ae727be8a36ded241d52f3fe673ba52...refs/remotes/origin/main -- [28ms]
2026-08-14 05:53:40.605 [info] > git for-each-ref --sort -committerdate --format %(refname)%00%(objectname)%00%(*objectname) [20ms]
2026-08-14 05:53:40.606 [info] > git rev-parse --show-toplevel [6ms]
2026-08-14 05:53:40.616 [info] > git rev-parse --show-toplevel [1ms]
2026-08-14 05:53:40.624 [info] > git rev-parse --show-toplevel [2ms]
2026-08-14 05:53:40.631 [info] > git rev-parse --show-toplevel [0ms]
2026-08-14 05:53:40.636 [info] > git rev-parse --show-toplevel [1ms]
2026-08-14 05:53:40.640 [info] > git rev-parse --show-toplevel [0ms]
2026-08-14 05:53:40.644 [info] > git rev-parse --show-toplevel [0ms]
2026-08-14 05:53:40.648 [info] > git rev-parse --show-toplevel [0ms]
2026-08-14 05:53:40.653 [info] > git rev-parse --show-toplevel [1ms]
2026-08-14 05:53:40.657 [info] > git rev-parse --show-toplevel [1ms]
2026-08-14 05:53:40.661 [info] > git rev-parse --show-toplevel [0ms]
2026-08-14 05:53:40.667 [info] > git rev-parse --show-toplevel [2ms]
2026-08-14 05:53:40.671 [info] > git rev-parse --show-toplevel [0ms]
2026-08-14 05:53:40.675 [info] > git rev-parse --show-toplevel [0ms]
2026-08-14 05:53:40.680 [info] > git rev-parse --show-toplevel [1ms]
2026-08-14 05:53:40.685 [info] > git rev-parse --show-toplevel [0ms]
2026-08-14 05:53:40.689 [info] > git rev-parse --show-toplevel [0ms]
2026-08-14 05:53:40.694 [info] > git rev-parse --show-toplevel [1ms]
2026-08-14 05:53:40.698 [info] > git rev-parse --show-toplevel [0ms]
2026-08-14 05:53:40.702 [info] > git rev-parse --show-toplevel [0ms]
2026-08-14 05:53:40.714 [info] > git rev-parse --show-toplevel [8ms]
2026-08-14 05:53:40.720 [info] > git rev-parse --show-toplevel [1ms]
2026-08-14 05:53:40.724 [info] > git rev-parse --show-toplevel [0ms]
2026-08-14 05:53:40.728 [info] > git rev-parse --show-toplevel [0ms]
2026-08-14 05:53:40.732 [info] > git rev-parse --show-toplevel [0ms]
2026-08-14 05:53:40.736 [info] > git rev-parse --show-toplevel [0ms]
2026-08-14 05:53:40.740 [info] > git rev-parse --show-toplevel [0ms]
2026-08-14 05:53:40.847 [info] > git rev-parse --show-toplevel [103ms]
2026-08-14 05:53:40.883 [info] > git rev-parse --show-toplevel [25ms]
2026-08-14 05:53:40.891 [info] > git rev-parse --show-toplevel [1ms]
2026-08-14 05:53:40.897 [info] > git rev-parse --show-toplevel [1ms]
2026-08-14 05:53:40.903 [info] > git rev-parse --show-toplevel [1ms]
2026-08-14 05:53:40.911 [info] > git rev-parse --show-toplevel [2ms]
2026-08-14 05:53:40.930 [info] > git check-ignore -v -z --stdin [2ms]
2026-08-14 05:53:40.931 [info] > git rev-parse --show-toplevel [10ms]
2026-08-14 05:53:40.945 [info] > git rev-parse --show-toplevel [2ms]
2026-08-14 05:53:40.954 [info] > git rev-parse --show-toplevel [1ms]
2026-08-14 05:53:40.963 [info] > git rev-parse --show-toplevel [3ms]
2026-08-14 05:53:40.972 [info] > git rev-parse --show-toplevel [0ms]
2026-08-14 05:53:40.978 [info] > git rev-parse --show-toplevel [0ms]
2026-08-14 05:53:40.996 [info] > git rev-parse --show-toplevel [12ms]
2026-08-14 05:53:41.005 [info] > git rev-parse --show-toplevel [1ms]
2026-08-14 05:53:41.013 [info] > git rev-parse --show-toplevel [1ms]
2026-08-14 05:53:41.019 [info] > git rev-parse --show-toplevel [0ms]
2026-08-14 05:53:41.027 [info] > git rev-parse --show-toplevel [2ms]
2026-08-14 05:53:41.035 [info] > git rev-parse --show-toplevel [2ms]
2026-08-14 05:53:41.041 [info] > git rev-parse --show-toplevel [1ms]
2026-08-14 05:53:41.047 [info] > git rev-parse --show-toplevel [1ms]
2026-08-14 05:53:41.054 [info] > git rev-parse --show-toplevel [2ms]
2026-08-14 05:53:41.061 [info] > git rev-parse --show-toplevel [1ms]
2026-08-14 05:53:41.062 [info] [Model][doInitialScan] Initial repository scan completed - repositories (1), closed repositories (0), parent repositories (0), unsafe repositories (0)
2026-08-14 05:53:41.076 [info] > git config --get commit.template [6ms]
2026-08-14 05:53:41.076 [info] > git for-each-ref --format=%(refname)%00%(upstream:short)%00%(objectname)%00%(upstream:track)%00%(upstream:remotename)%00%(upstream:remoteref) refs/heads/main refs/remotes/main [1ms]
2026-08-14 05:53:41.089 [info] > git for-each-ref --sort -committerdate --format %(refname)%00%(objectname)%00%(*objectname) [2ms]
2026-08-14 05:53:41.103 [info] > git status -z -uall [21ms]
2026-08-14 05:54:25.789 [info] [main] Log level: Info
2026-08-14 05:54:25.789 [info] [main] Validating found git in: "git"
2026-08-14 05:54:25.789 [info] [main] Using git "2.55.0" from "git"
2026-08-14 05:54:25.789 [info] [Model][doInitialScan] Initial repository scan started
2026-08-14 05:54:25.797 [info] > git rev-parse --show-toplevel [11ms]
2026-08-14 05:54:25.985 [info] > git rev-parse --git-dir --git-common-dir --show-superproject-working-tree [162ms]
2026-08-14 05:54:26.089 [info] [Model][openRepository] Opened repository (path): /home/anti/.config
2026-08-14 05:54:26.089 [info] [Model][openRepository] Opened repository (real path): /home/anti/.config
2026-08-14 05:54:26.089 [info] [Model][openRepository] Opened repository (kind): repository
2026-08-14 05:54:26.104 [info] > git config --get commit.template [2ms]
2026-08-14 05:54:26.104 [info] > git config --get --local core.virtualfilesystem [8ms]
2026-08-14 05:54:26.104 [warning] [Git][config] git config failed: Failed to execute git
2026-08-14 05:54:26.111 [info] > git for-each-ref --format=%(refname)%00%(upstream:short)%00%(objectname)%00%(upstream:track)%00%(upstream:remotename)%00%(upstream:remoteref) refs/heads/main refs/remotes/main [1ms]
2026-08-14 05:54:26.123 [info] > git for-each-ref --sort -committerdate --format %(refname)%00%(objectname)%00%(*objectname) [1ms]
2026-08-14 05:54:26.129 [info] > git rev-parse --show-toplevel [1ms]
2026-08-14 05:54:26.133 [info] > git rev-parse --show-toplevel [0ms]
2026-08-14 05:54:26.137 [info] > git status -z -uall [20ms]
2026-08-14 05:54:26.158 [info] > git rev-parse --show-toplevel [21ms]
2026-08-14 05:54:26.164 [info] > git config --get commit.template [6ms]
2026-08-14 05:54:26.165 [info] > git for-each-ref --format=%(refname)%00%(upstream:short)%00%(objectname)%00%(upstream:track)%00%(upstream:remotename)%00%(upstream:remoteref) refs/heads/main refs/remotes/main [17ms]
2026-08-14 05:54:26.173 [info] > git rev-parse --show-toplevel [9ms]
2026-08-14 05:54:26.182 [info] > git config --get --local branch.main.vscode-merge-base [13ms]
2026-08-14 05:54:26.204 [info] > git rev-parse --show-toplevel [27ms]
2026-08-14 05:54:26.204 [info] > git for-each-ref --format=%(refname)%00%(upstream:short)%00%(objectname)%00%(upstream:track)%00%(upstream:remotename)%00%(upstream:remoteref) refs/heads/main refs/remotes/main [32ms]
2026-08-14 05:54:26.227 [info] > git for-each-ref --format=%(refname)%00%(upstream:short)%00%(objectname)%00%(upstream:track)%00%(upstream:remotename)%00%(upstream:remoteref) refs/heads/origin/main refs/remotes/origin/main [40ms]
2026-08-14 05:54:26.233 [info] > git rev-parse --show-toplevel [6ms]
2026-08-14 05:54:26.245 [info] > git merge-base refs/heads/main refs/remotes/origin/main [13ms]
2026-08-14 05:54:26.250 [info] > git for-each-ref --sort -committerdate --format %(refname)%00%(objectname)%00%(*objectname) [9ms]
2026-08-14 05:54:26.250 [info] > git rev-parse --show-toplevel [5ms]
2026-08-14 05:54:26.254 [info] > git diff --raw --numstat --diff-filter=ADMR -z --find-renames=50% f586f5864ae727be8a36ded241d52f3fe673ba52...refs/remotes/origin/main -- [5ms]
2026-08-14 05:54:26.257 [info] > git status -z -uall [20ms]
2026-08-14 05:54:26.257 [info] > git rev-parse --show-toplevel [3ms]
2026-08-14 05:54:26.267 [info] > git rev-parse --show-toplevel [2ms]
2026-08-14 05:54:26.272 [info] > git rev-parse --show-toplevel [0ms]
2026-08-14 05:54:26.277 [info] > git rev-parse --show-toplevel [1ms]
2026-08-14 05:54:26.280 [info] > git rev-parse --show-toplevel [0ms]
2026-08-14 05:54:26.284 [info] > git rev-parse --show-toplevel [0ms]
2026-08-14 05:54:26.288 [info] > git rev-parse --show-toplevel [1ms]
2026-08-14 05:54:26.292 [info] > git rev-parse --show-toplevel [1ms]
2026-08-14 05:54:26.296 [info] > git rev-parse --show-toplevel [0ms]
2026-08-14 05:54:26.300 [info] > git rev-parse --show-toplevel [0ms]
2026-08-14 05:54:26.304 [info] > git rev-parse --show-toplevel [0ms]
2026-08-14 05:54:26.308 [info] > git rev-parse --show-toplevel [0ms]
2026-08-14 05:54:26.312 [info] > git rev-parse --show-toplevel [0ms]
2026-08-14 05:54:26.316 [info] > git rev-parse --show-toplevel [1ms]
2026-08-14 05:54:26.320 [info] > git rev-parse --show-toplevel [1ms]
2026-08-14 05:54:26.324 [info] > git rev-parse --show-toplevel [0ms]
2026-08-14 05:54:26.328 [info] > git rev-parse --show-toplevel [0ms]
2026-08-14 05:54:26.333 [info] > git rev-parse --show-toplevel [1ms]
2026-08-14 05:54:26.337 [info] > git rev-parse --show-toplevel [1ms]
2026-08-14 05:54:26.341 [info] > git rev-parse --show-toplevel [1ms]
2026-08-14 05:54:26.345 [info] > git rev-parse --show-toplevel [0ms]
2026-08-14 05:54:26.350 [info] > git rev-parse --show-toplevel [1ms]
2026-08-14 05:54:26.354 [info] > git rev-parse --show-toplevel [0ms]
2026-08-14 05:54:26.477 [info] > git rev-parse --show-toplevel [119ms]
2026-08-14 05:54:26.521 [info] > git rev-parse --show-toplevel [32ms]
2026-08-14 05:54:26.532 [info] > git rev-parse --show-toplevel [4ms]
2026-08-14 05:54:26.541 [info] > git rev-parse --show-toplevel [2ms]
2026-08-14 05:54:26.547 [info] > git rev-parse --show-toplevel [1ms]
2026-08-14 05:54:26.551 [info] > git rev-parse --show-toplevel [1ms]
2026-08-14 05:54:26.555 [info] > git rev-parse --show-toplevel [0ms]
2026-08-14 05:54:26.559 [info] > git rev-parse --show-toplevel [0ms]
2026-08-14 05:54:26.564 [info] > git rev-parse --show-toplevel [1ms]
2026-08-14 05:54:26.568 [info] > git rev-parse --show-toplevel [1ms]
2026-08-14 05:54:26.573 [info] > git rev-parse --show-toplevel [1ms]
2026-08-14 05:54:26.577 [info] > git rev-parse --show-toplevel [1ms]
2026-08-14 05:54:26.581 [info] > git rev-parse --show-toplevel [0ms]
2026-08-14 05:54:26.595 [info] > git rev-parse --show-toplevel [10ms]
2026-08-14 05:54:26.603 [info] > git rev-parse --show-toplevel [2ms]
2026-08-14 05:54:26.608 [info] > git rev-parse --show-toplevel [0ms]
2026-08-14 05:54:26.613 [info] > git rev-parse --show-toplevel [1ms]
2026-08-14 05:54:26.618 [info] > git rev-parse --show-toplevel [2ms]
2026-08-14 05:54:26.622 [info] > git rev-parse --show-toplevel [1ms]
2026-08-14 05:54:26.628 [info] > git rev-parse --show-toplevel [1ms]
2026-08-14 05:54:26.632 [info] > git rev-parse --show-toplevel [0ms]
2026-08-14 05:54:26.636 [info] > git rev-parse --show-toplevel [1ms]
2026-08-14 05:54:26.641 [info] > git rev-parse --show-toplevel [0ms]
2026-08-14 05:54:26.646 [info] > git rev-parse --show-toplevel [1ms]
2026-08-14 05:54:26.650 [info] > git rev-parse --show-toplevel [1ms]
2026-08-14 05:54:26.654 [info] > git rev-parse --show-toplevel [0ms]
2026-08-14 05:54:26.658 [info] > git rev-parse --show-toplevel [0ms]
2026-08-14 05:54:26.659 [info] [Model][doInitialScan] Initial repository scan completed - repositories (1), closed repositories (0), parent repositories (0), unsafe repositories (0)
2026-08-14 05:54:26.674 [info] > git config --get commit.template [2ms]
2026-08-14 05:54:26.681 [info] > git for-each-ref --format=%(refname)%00%(upstream:short)%00%(objectname)%00%(upstream:track)%00%(upstream:remotename)%00%(upstream:remoteref) refs/heads/main refs/remotes/main [3ms]
2026-08-14 05:54:26.691 [info] > git for-each-ref --sort -committerdate --format %(refname)%00%(objectname)%00%(*objectname) [1ms]
2026-08-14 05:54:26.706 [info] > git status -z -uall [20ms]
2026-08-14 05:54:29.901 [info] > git config --get commit.template [5ms]
2026-08-14 05:54:29.901 [info] > git for-each-ref --format=%(refname)%00%(upstream:short)%00%(objectname)%00%(upstream:track)%00%(upstream:remotename)%00%(upstream:remoteref) refs/heads/main refs/remotes/main [1ms]
2026-08-14 05:54:29.910 [info] > git for-each-ref --sort -committerdate --format %(refname)%00%(objectname)%00%(*objectname) [1ms]
2026-08-14 05:54:29.924 [info] > git status -z -uall [19ms]
2026-08-14 05:54:34.938 [info] > git config --get commit.template [6ms]
2026-08-14 05:54:34.939 [info] > git for-each-ref --format=%(refname)%00%(upstream:short)%00%(objectname)%00%(upstream:track)%00%(upstream:remotename)%00%(upstream:remoteref) refs/heads/main refs/remotes/main [1ms]
2026-08-14 05:54:34.949 [info] > git for-each-ref --sort -committerdate --format %(refname)%00%(objectname)%00%(*objectname) [1ms]
2026-08-14 05:54:34.962 [info] > git status -z -uall [19ms]
2026-08-14 05:54:40.398 [info] > git config --get commit.template [4ms]
2026-08-14 05:54:40.399 [info] > git for-each-ref --format=%(refname)%00%(upstream:short)%00%(objectname)%00%(upstream:track)%00%(upstream:remotename)%00%(upstream:remoteref) refs/heads/main refs/remotes/main [1ms]
2026-08-14 05:54:40.407 [info] > git for-each-ref --sort -committerdate --format %(refname)%00%(objectname)%00%(*objectname) [0ms]
2026-08-14 05:54:40.422 [info] > git status -z -uall [19ms]
2026-08-14 05:54:45.434 [info] > git config --get commit.template [4ms]
2026-08-14 05:54:45.435 [info] > git for-each-ref --format=%(refname)%00%(upstream:short)%00%(objectname)%00%(upstream:track)%00%(upstream:remotename)%00%(upstream:remoteref) refs/heads/main refs/remotes/main [1ms]
2026-08-14 05:54:45.445 [info] > git for-each-ref --sort -committerdate --format %(refname)%00%(objectname)%00%(*objectname) [1ms]
2026-08-14 05:54:45.458 [info] > git status -z -uall [19ms]
2026-08-14 05:54:50.780 [info] > git config --get commit.template [5ms]
2026-08-14 05:54:50.781 [info] > git for-each-ref --format=%(refname)%00%(upstream:short)%00%(objectname)%00%(upstream:track)%00%(upstream:remotename)%00%(upstream:remoteref) refs/heads/main refs/remotes/main [1ms]
2026-08-14 05:54:50.789 [info] > git for-each-ref --sort -committerdate --format %(refname)%00%(objectname)%00%(*objectname) [1ms]
2026-08-14 05:54:50.803 [info] > git status -z -uall [19ms]
2026-08-14 05:54:55.818 [info] > git config --get commit.template [6ms]
2026-08-14 05:54:55.818 [info] > git for-each-ref --format=%(refname)%00%(upstream:short)%00%(objectname)%00%(upstream:track)%00%(upstream:remotename)%00%(upstream:remoteref) refs/heads/main refs/remotes/main [1ms]
2026-08-14 05:54:55.828 [info] > git for-each-ref --sort -committerdate --format %(refname)%00%(objectname)%00%(*objectname) [1ms]
2026-08-14 05:54:55.842 [info] > git status -z -uall [19ms]
2026-08-14 05:55:00.857 [info] > git config --get commit.template [6ms]
2026-08-14 05:55:00.857 [info] > git for-each-ref --format=%(refname)%00%(upstream:short)%00%(objectname)%00%(upstream:track)%00%(upstream:remotename)%00%(upstream:remoteref) refs/heads/main refs/remotes/main [1ms]
2026-08-14 05:55:00.868 [info] > git for-each-ref --sort -committerdate --format %(refname)%00%(objectname)%00%(*objectname) [1ms]
2026-08-14 05:55:00.881 [info] > git status -z -uall [18ms]
2026-08-14 05:55:05.894 [info] > git config --get commit.template [4ms]
2026-08-14 05:55:05.895 [info] > git for-each-ref --format=%(refname)%00%(upstream:short)%00%(objectname)%00%(upstream:track)%00%(upstream:remotename)%00%(upstream:remoteref) refs/heads/main refs/remotes/main [1ms]
2026-08-14 05:55:05.904 [info] > git for-each-ref --sort -committerdate --format %(refname)%00%(objectname)%00%(*objectname) [1ms]
2026-08-14 05:55:05.918 [info] > git status -z -uall [19ms]
2026-08-14 05:55:10.932 [info] > git config --get commit.template [6ms]
2026-08-14 05:55:10.933 [info] > git for-each-ref --format=%(refname)%00%(upstream:short)%00%(objectname)%00%(upstream:track)%00%(upstream:remotename)%00%(upstream:remoteref) refs/heads/main refs/remotes/main [1ms]
2026-08-14 05:55:10.943 [info] > git for-each-ref --sort -committerdate --format %(refname)%00%(objectname)%00%(*objectname) [1ms]
2026-08-14 05:55:10.956 [info] > git status -z -uall [18ms]
2026-08-14 05:55:15.968 [info] > git config --get commit.template [4ms]
2026-08-14 05:55:15.969 [info] > git for-each-ref --format=%(refname)%00%(upstream:short)%00%(objectname)%00%(upstream:track)%00%(upstream:remotename)%00%(upstream:remoteref) refs/heads/main refs/remotes/main [1ms]
2026-08-14 05:55:15.978 [info] > git for-each-ref --sort -committerdate --format %(refname)%00%(objectname)%00%(*objectname) [1ms]
2026-08-14 05:55:15.991 [info] > git status -z -uall [18ms]
2026-08-14 05:55:21.004 [info] > git config --get commit.template [5ms]
2026-08-14 05:55:21.004 [info] > git for-each-ref --format=%(refname)%00%(upstream:short)%00%(objectname)%00%(upstream:track)%00%(upstream:remotename)%00%(upstream:remoteref) refs/heads/main refs/remotes/main [1ms]
2026-08-14 05:55:21.013 [info] > git for-each-ref --sort -committerdate --format %(refname)%00%(objectname)%00%(*objectname) [1ms]
2026-08-14 05:55:21.027 [info] > git status -z -uall [19ms]
2026-08-14 05:55:26.039 [info] > git config --get commit.template [4ms]
2026-08-14 05:55:26.040 [info] > git for-each-ref --format=%(refname)%00%(upstream:short)%00%(objectname)%00%(upstream:track)%00%(upstream:remotename)%00%(upstream:remoteref) refs/heads/main refs/remotes/main [1ms]
2026-08-14 05:55:26.050 [info] > git for-each-ref --sort -committerdate --format %(refname)%00%(objectname)%00%(*objectname) [1ms]
2026-08-14 05:55:26.063 [info] > git status -z -uall [18ms]
2026-08-14 05:55:31.077 [info] > git config --get commit.template [4ms]
2026-08-14 05:55:31.078 [info] > git for-each-ref --format=%(refname)%00%(upstream:short)%00%(objectname)%00%(upstream:track)%00%(upstream:remotename)%00%(upstream:remoteref) refs/heads/main refs/remotes/main [1ms]
2026-08-14 05:55:31.087 [info] > git for-each-ref --sort -committerdate --format %(refname)%00%(objectname)%00%(*objectname) [1ms]
2026-08-14 05:55:31.100 [info] > git status -z -uall [18ms]
2026-08-14 05:55:36.114 [info] > git config --get commit.template [5ms]
2026-08-14 05:55:36.114 [info] > git for-each-ref --format=%(refname)%00%(upstream:short)%00%(objectname)%00%(upstream:track)%00%(upstream:remotename)%00%(upstream:remoteref) refs/heads/main refs/remotes/main [1ms]
2026-08-14 05:55:36.123 [info] > git for-each-ref --sort -committerdate --format %(refname)%00%(objectname)%00%(*objectname) [1ms]
2026-08-14 05:55:36.138 [info] > git status -z -uall [20ms]
2026-08-14 05:55:41.151 [info] > git config --get commit.template [4ms]
2026-08-14 05:55:41.151 [info] > git for-each-ref --format=%(refname)%00%(upstream:short)%00%(objectname)%00%(upstream:track)%00%(upstream:remotename)%00%(upstream:remoteref) refs/heads/main refs/remotes/main [1ms]
2026-08-14 05:55:41.160 [info] > git for-each-ref --sort -committerdate --format %(refname)%00%(objectname)%00%(*objectname) [1ms]
2026-08-14 05:55:41.173 [info] > git status -z -uall [18ms]
2026-08-14 05:55:46.186 [info] > git config --get commit.template [5ms]
2026-08-14 05:55:46.186 [info] > git for-each-ref --format=%(refname)%00%(upstream:short)%00%(objectname)%00%(upstream:track)%00%(upstream:remotename)%00%(upstream:remoteref) refs/heads/main refs/remotes/main [1ms]
2026-08-14 05:55:46.195 [info] > git for-each-ref --sort -committerdate --format %(refname)%00%(objectname)%00%(*objectname) [1ms]
2026-08-14 05:55:46.208 [info] > git status -z -uall [18ms]
2026-08-14 05:55:51.222 [info] > git config --get commit.template [5ms]
2026-08-14 05:55:51.223 [info] > git for-each-ref --format=%(refname)%00%(upstream:short)%00%(objectname)%00%(upstream:track)%00%(upstream:remotename)%00%(upstream:remoteref) refs/heads/main refs/remotes/main [1ms]
2026-08-14 05:55:51.232 [info] > git for-each-ref --sort -committerdate --format %(refname)%00%(objectname)%00%(*objectname) [0ms]
2026-08-14 05:55:51.246 [info] > git status -z -uall [19ms]
2026-08-14 05:55:56.257 [info] > git config --get commit.template [4ms]
2026-08-14 05:55:56.258 [info] > git for-each-ref --format=%(refname)%00%(upstream:short)%00%(objectname)%00%(upstream:track)%00%(upstream:remotename)%00%(upstream:remoteref) refs/heads/main refs/remotes/main [1ms]
2026-08-14 05:55:56.267 [info] > git for-each-ref --sort -committerdate --format %(refname)%00%(objectname)%00%(*objectname) [1ms]
2026-08-14 05:55:56.281 [info] > git status -z -uall [19ms]
2026-08-14 05:56:01.293 [info] > git config --get commit.template [5ms]
2026-08-14 05:56:01.293 [info] > git for-each-ref --format=%(refname)%00%(upstream:short)%00%(objectname)%00%(upstream:track)%00%(upstream:remotename)%00%(upstream:remoteref) refs/heads/main refs/remotes/main [1ms]
2026-08-14 05:56:01.302 [info] > git for-each-ref --sort -committerdate --format %(refname)%00%(objectname)%00%(*objectname) [1ms]
2026-08-14 05:56:01.315 [info] > git status -z -uall [18ms]
2026-08-14 05:56:06.327 [info] > git config --get commit.template [4ms]
2026-08-14 05:56:06.327 [info] > git for-each-ref --format=%(refname)%00%(upstream:short)%00%(objectname)%00%(upstream:track)%00%(upstream:remotename)%00%(upstream:remoteref) refs/heads/main refs/remotes/main [1ms]
2026-08-14 05:56:06.336 [info] > git for-each-ref --sort -committerdate --format %(refname)%00%(objectname)%00%(*objectname) [0ms]
2026-08-14 05:56:06.350 [info] > git status -z -uall [19ms]
2026-08-14 05:56:11.364 [info] > git config --get commit.template [5ms]
2026-08-14 05:56:11.364 [info] > git for-each-ref --format=%(refname)%00%(upstream:short)%00%(objectname)%00%(upstream:track)%00%(upstream:remotename)%00%(upstream:remoteref) refs/heads/main refs/remotes/main [1ms]
2026-08-14 05:56:11.374 [info] > git for-each-ref --sort -committerdate --format %(refname)%00%(objectname)%00%(*objectname) [1ms]
2026-08-14 05:56:11.389 [info] > git status -z -uall [20ms]
2026-08-14 05:56:16.403 [info] > git config --get commit.template [6ms]
2026-08-14 05:56:16.404 [info] > git for-each-ref --format=%(refname)%00%(upstream:short)%00%(objectname)%00%(upstream:track)%00%(upstream:remotename)%00%(upstream:remoteref) refs/heads/main refs/remotes/main [2ms]
2026-08-14 05:56:16.413 [info] > git for-each-ref --sort -committerdate --format %(refname)%00%(objectname)%00%(*objectname) [1ms]
2026-08-14 05:56:16.427 [info] > git status -z -uall [19ms]
2026-08-14 05:56:21.440 [info] > git config --get commit.template [5ms]
2026-08-14 05:56:21.440 [info] > git for-each-ref --format=%(refname)%00%(upstream:short)%00%(objectname)%00%(upstream:track)%00%(upstream:remotename)%00%(upstream:remoteref) refs/heads/main refs/remotes/main [1ms]
2026-08-14 05:56:21.449 [info] > git for-each-ref --sort -committerdate --format %(refname)%00%(objectname)%00%(*objectname) [1ms]
2026-08-14 05:56:21.462 [info] > git status -z -uall [18ms]
2026-08-14 05:56:26.475 [info] > git config --get commit.template [5ms]
2026-08-14 05:56:26.475 [info] > git for-each-ref --format=%(refname)%00%(upstream:short)%00%(objectname)%00%(upstream:track)%00%(upstream:remotename)%00%(upstream:remoteref) refs/heads/main refs/remotes/main [1ms]
2026-08-14 05:56:26.484 [info] > git for-each-ref --sort -committerdate --format %(refname)%00%(objectname)%00%(*objectname) [1ms]
2026-08-14 05:56:26.497 [info] > git status -z -uall [18ms]
2026-08-14 05:56:31.510 [info] > git config --get commit.template [5ms]
2026-08-14 05:56:31.510 [info] > git for-each-ref --format=%(refname)%00%(upstream:short)%00%(objectname)%00%(upstream:track)%00%(upstream:remotename)%00%(upstream:remoteref) refs/heads/main refs/remotes/main [1ms]
2026-08-14 05:56:31.519 [info] > git for-each-ref --sort -committerdate --format %(refname)%00%(objectname)%00%(*objectname) [1ms]
2026-08-14 05:56:31.532 [info] > git status -z -uall [18ms]
2026-08-14 05:56:36.546 [info] > git config --get commit.template [5ms]
2026-08-14 05:56:36.547 [info] > git for-each-ref --format=%(refname)%00%(upstream:short)%00%(objectname)%00%(upstream:track)%00%(upstream:remotename)%00%(upstream:remoteref) refs/heads/main refs/remotes/main [1ms]
2026-08-14 05:56:36.556 [info] > git for-each-ref --sort -committerdate --format %(refname)%00%(objectname)%00%(*objectname) [1ms]
2026-08-14 05:56:36.570 [info] > git status -z -uall [19ms]
2026-08-14 05:56:41.583 [info] > git config --get commit.template [5ms]
2026-08-14 05:56:41.584 [info] > git for-each-ref --format=%(refname)%00%(upstream:short)%00%(objectname)%00%(upstream:track)%00%(upstream:remotename)%00%(upstream:remoteref) refs/heads/main refs/remotes/main [1ms]
2026-08-14 05:56:41.593 [info] > git for-each-ref --sort -committerdate --format %(refname)%00%(objectname)%00%(*objectname) [1ms]
2026-08-14 05:56:41.607 [info] > git status -z -uall [19ms]
2026-08-14 05:56:46.621 [info] > git config --get commit.template [6ms]
2026-08-14 05:56:46.621 [info] > git for-each-ref --format=%(refname)%00%(upstream:short)%00%(objectname)%00%(upstream:track)%00%(upstream:remotename)%00%(upstream:remoteref) refs/heads/main refs/remotes/main [1ms]
2026-08-14 05:56:46.631 [info] > git for-each-ref --sort -committerdate --format %(refname)%00%(objectname)%00%(*objectname) [0ms]
2026-08-14 05:56:46.645 [info] > git status -z -uall [20ms]
2026-08-14 05:56:51.654 [info] > git config --get commit.template [1ms]
2026-08-14 05:56:51.659 [info] > git for-each-ref --format=%(refname)%00%(upstream:short)%00%(objectname)%00%(upstream:track)%00%(upstream:remotename)%00%(upstream:remoteref) refs/heads/main refs/remotes/main [1ms]
2026-08-14 05:56:51.668 [info] > git for-each-ref --sort -committerdate --format %(refname)%00%(objectname)%00%(*objectname) [1ms]
2026-08-14 05:56:51.682 [info] > git status -z -uall [19ms]
2026-08-14 05:56:53.426 [info] > git check-ignore -v -z --stdin [1ms]
2026-08-14 05:56:56.695 [info] > git config --get commit.template [5ms]
2026-08-14 05:56:56.696 [info] > git for-each-ref --format=%(refname)%00%(upstream:short)%00%(objectname)%00%(upstream:track)%00%(upstream:remotename)%00%(upstream:remoteref) refs/heads/main refs/remotes/main [1ms]
2026-08-14 05:56:56.704 [info] > git for-each-ref --sort -committerdate --format %(refname)%00%(objectname)%00%(*objectname) [1ms]
2026-08-14 05:56:56.719 [info] > git status -z -uall [19ms]
2026-08-14 05:56:56.948 [info] > git check-ignore -v -z --stdin [1ms]
2026-08-14 05:57:01.732 [info] > git config --get commit.template [4ms]
2026-08-14 05:57:01.732 [info] > git for-each-ref --format=%(refname)%00%(upstream:short)%00%(objectname)%00%(upstream:track)%00%(upstream:remotename)%00%(upstream:remoteref) refs/heads/main refs/remotes/main [1ms]
2026-08-14 05:57:01.741 [info] > git for-each-ref --sort -committerdate --format %(refname)%00%(objectname)%00%(*objectname) [1ms]
2026-08-14 05:57:01.754 [info] > git status -z -uall [18ms]
2026-08-14 05:57:02.733 [info] > git check-ignore -v -z --stdin [1ms]
2026-08-14 05:57:06.768 [info] > git config --get commit.template [5ms]
2026-08-14 05:57:06.768 [info] > git for-each-ref --format=%(refname)%00%(upstream:short)%00%(objectname)%00%(upstream:track)%00%(upstream:remotename)%00%(upstream:remoteref) refs/heads/main refs/remotes/main [1ms]
2026-08-14 05:57:06.777 [info] > git for-each-ref --sort -committerdate --format %(refname)%00%(objectname)%00%(*objectname) [0ms]
2026-08-14 05:57:06.792 [info] > git status -z -uall [19ms]
2026-08-14 05:57:08.444 [info] > git check-ignore -v -z --stdin [1ms]
2026-08-14 05:57:09.826 [info] > git check-ignore -v -z --stdin [1ms]
2026-08-14 05:57:12.093 [info] > git config --get commit.template [5ms]
2026-08-14 05:57:12.093 [info] > git for-each-ref --format=%(refname)%00%(upstream:short)%00%(objectname)%00%(upstream:track)%00%(upstream:remotename)%00%(upstream:remoteref) refs/heads/main refs/remotes/main [1ms]
2026-08-14 05:57:12.102 [info] > git for-each-ref --sort -committerdate --format %(refname)%00%(objectname)%00%(*objectname) [0ms]
2026-08-14 05:57:12.117 [info] > git status -z -uall [20ms]
2026-08-14 05:57:12.711 [info] > git check-ignore -v -z --stdin [1ms]
2026-08-14 05:57:17.130 [info] > git config --get commit.template [5ms]
2026-08-14 05:57:17.130 [info] > git for-each-ref --format=%(refname)%00%(upstream:short)%00%(objectname)%00%(upstream:track)%00%(upstream:remotename)%00%(upstream:remoteref) refs/heads/main refs/remotes/main [1ms]
2026-08-14 05:57:17.139 [info] > git for-each-ref --sort -committerdate --format %(refname)%00%(objectname)%00%(*objectname) [1ms]
2026-08-14 05:57:17.152 [info] > git status -z -uall [18ms]
2026-08-14 05:57:22.165 [info] > git config --get commit.template [5ms]
2026-08-14 05:57:22.166 [info] > git for-each-ref --format=%(refname)%00%(upstream:short)%00%(objectname)%00%(upstream:track)%00%(upstream:remotename)%00%(upstream:remoteref) refs/heads/main refs/remotes/main [1ms]
2026-08-14 05:57:22.175 [info] > git for-each-ref --sort -committerdate --format %(refname)%00%(objectname)%00%(*objectname) [1ms]
2026-08-14 05:57:22.189 [info] > git status -z -uall [19ms]
2026-08-14 05:57:27.203 [info] > git config --get commit.template [4ms]
2026-08-14 05:57:27.204 [info] > git for-each-ref --format=%(refname)%00%(upstream:short)%00%(objectname)%00%(upstream:track)%00%(upstream:remotename)%00%(upstream:remoteref) refs/heads/main refs/remotes/main [1ms]
2026-08-14 05:57:27.213 [info] > git for-each-ref --sort -committerdate --format %(refname)%00%(objectname)%00%(*objectname) [1ms]
2026-08-14 05:57:27.227 [info] > git status -z -uall [19ms]
2026-08-14 05:57:32.240 [info] > git config --get commit.template [4ms]
2026-08-14 05:57:32.241 [info] > git for-each-ref --format=%(refname)%00%(upstream:short)%00%(objectname)%00%(upstream:track)%00%(upstream:remotename)%00%(upstream:remoteref) refs/heads/main refs/remotes/main [1ms]
2026-08-14 05:57:32.250 [info] > git for-each-ref --sort -committerdate --format %(refname)%00%(objectname)%00%(*objectname) [1ms]
2026-08-14 05:57:32.263 [info] > git status -z -uall [18ms]
2026-08-14 05:57:37.276 [info] > git config --get commit.template [5ms]
2026-08-14 05:57:37.277 [info] > git for-each-ref --format=%(refname)%00%(upstream:short)%00%(objectname)%00%(upstream:track)%00%(upstream:remotename)%00%(upstream:remoteref) refs/heads/main refs/remotes/main [1ms]
2026-08-14 05:57:37.286 [info] > git for-each-ref --sort -committerdate --format %(refname)%00%(objectname)%00%(*objectname) [1ms]
2026-08-14 05:57:37.299 [info] > git status -z -uall [18ms]
2026-08-14 05:57:42.311 [info] > git config --get commit.template [4ms]
2026-08-14 05:57:42.312 [info] > git for-each-ref --format=%(refname)%00%(upstream:short)%00%(objectname)%00%(upstream:track)%00%(upstream:remotename)%00%(upstream:remoteref) refs/heads/main refs/remotes/main [1ms]
2026-08-14 05:57:42.321 [info] > git for-each-ref --sort -committerdate --format %(refname)%00%(objectname)%00%(*objectname) [1ms]
2026-08-14 05:57:42.336 [info] > git status -z -uall [20ms]
2026-08-14 05:57:47.349 [info] > git config --get commit.template [5ms]
2026-08-14 05:57:47.349 [info] > git for-each-ref --format=%(refname)%00%(upstream:short)%00%(objectname)%00%(upstream:track)%00%(upstream:remotename)%00%(upstream:remoteref) refs/heads/main refs/remotes/main [1ms]
2026-08-14 05:57:47.358 [info] > git for-each-ref --sort -committerdate --format %(refname)%00%(objectname)%00%(*objectname) [1ms]
2026-08-14 05:57:47.372 [info] > git status -z -uall [19ms]
2026-08-14 05:57:52.385 [info] > git config --get commit.template [5ms]
2026-08-14 05:57:52.385 [info] > git for-each-ref --format=%(refname)%00%(upstream:short)%00%(objectname)%00%(upstream:track)%00%(upstream:remotename)%00%(upstream:remoteref) refs/heads/main refs/remotes/main [1ms]
2026-08-14 05:57:52.396 [info] > git for-each-ref --sort -committerdate --format %(refname)%00%(objectname)%00%(*objectname) [1ms]
2026-08-14 05:57:52.408 [info] > git status -z -uall [18ms]
2026-08-14 05:57:57.421 [info] > git config --get commit.template [5ms]
2026-08-14 05:57:57.422 [info] > git for-each-ref --format=%(refname)%00%(upstream:short)%00%(objectname)%00%(upstream:track)%00%(upstream:remotename)%00%(upstream:remoteref) refs/heads/main refs/remotes/main [1ms]
2026-08-14 05:57:57.431 [info] > git for-each-ref --sort -committerdate --format %(refname)%00%(objectname)%00%(*objectname) [1ms]
2026-08-14 05:57:57.444 [info] > git status -z -uall [18ms]
2026-08-14 05:58:02.456 [info] > git config --get commit.template [5ms]
2026-08-14 05:58:02.457 [info] > git for-each-ref --format=%(refname)%00%(upstream:short)%00%(objectname)%00%(upstream:track)%00%(upstream:remotename)%00%(upstream:remoteref) refs/heads/main refs/remotes/main [1ms]
2026-08-14 05:58:02.466 [info] > git for-each-ref --sort -committerdate --format %(refname)%00%(objectname)%00%(*objectname) [1ms]
2026-08-14 05:58:02.479 [info] > git status -z -uall [18ms]
2026-08-14 05:58:07.491 [info] > git config --get commit.template [4ms]
2026-08-14 05:58:07.492 [info] > git for-each-ref --format=%(refname)%00%(upstream:short)%00%(objectname)%00%(upstream:track)%00%(upstream:remotename)%00%(upstream:remoteref) refs/heads/main refs/remotes/main [1ms]
2026-08-14 05:58:07.500 [info] > git for-each-ref --sort -committerdate --format %(refname)%00%(objectname)%00%(*objectname) [1ms]
2026-08-14 05:58:07.515 [info] > git status -z -uall [19ms]
2026-08-14 05:58:12.527 [info] > git config --get commit.template [4ms]
2026-08-14 05:58:12.528 [info] > git for-each-ref --format=%(refname)%00%(upstream:short)%00%(objectname)%00%(upstream:track)%00%(upstream:remotename)%00%(upstream:remoteref) refs/heads/main refs/remotes/main [1ms]
2026-08-14 05:58:12.537 [info] > git for-each-ref --sort -committerdate --format %(refname)%00%(objectname)%00%(*objectname) [1ms]
2026-08-14 05:58:12.551 [info] > git status -z -uall [19ms]
2026-08-14 05:58:17.564 [info] > git config --get commit.template [5ms]
2026-08-14 05:58:17.565 [info] > git for-each-ref --format=%(refname)%00%(upstream:short)%00%(objectname)%00%(upstream:track)%00%(upstream:remotename)%00%(upstream:remoteref) refs/heads/main refs/remotes/main [1ms]
2026-08-14 05:58:17.574 [info] > git for-each-ref --sort -committerdate --format %(refname)%00%(objectname)%00%(*objectname) [1ms]
2026-08-14 05:58:17.587 [info] > git status -z -uall [18ms]
2026-08-14 05:58:22.600 [info] > git config --get commit.template [4ms]
2026-08-14 05:58:22.601 [info] > git for-each-ref --format=%(refname)%00%(upstream:short)%00%(objectname)%00%(upstream:track)%00%(upstream:remotename)%00%(upstream:remoteref) refs/heads/main refs/remotes/main [1ms]
2026-08-14 05:58:22.610 [info] > git for-each-ref --sort -committerdate --format %(refname)%00%(objectname)%00%(*objectname) [1ms]
2026-08-14 05:58:22.624 [info] > git status -z -uall [19ms]
2026-08-14 05:58:27.637 [info] > git config --get commit.template [5ms]
2026-08-14 05:58:27.637 [info] > git for-each-ref --format=%(refname)%00%(upstream:short)%00%(objectname)%00%(upstream:track)%00%(upstream:remotename)%00%(upstream:remoteref) refs/heads/main refs/remotes/main [1ms]
2026-08-14 05:58:27.646 [info] > git for-each-ref --sort -committerdate --format %(refname)%00%(objectname)%00%(*objectname) [1ms]
2026-08-14 05:58:27.660 [info] > git status -z -uall [18ms]
2026-08-14 05:58:32.675 [info] > git config --get commit.template [6ms]
2026-08-14 05:58:32.675 [info] > git for-each-ref --format=%(refname)%00%(upstream:short)%00%(objectname)%00%(upstream:track)%00%(upstream:remotename)%00%(upstream:remoteref) refs/heads/main refs/remotes/main [1ms]
2026-08-14 05:58:32.684 [info] > git for-each-ref --sort -committerdate --format %(refname)%00%(objectname)%00%(*objectname) [1ms]
2026-08-14 05:58:32.698 [info] > git status -z -uall [19ms]
2026-08-14 05:58:37.712 [info] > git config --get commit.template [6ms]
2026-08-14 05:58:37.713 [info] > git for-each-ref --format=%(refname)%00%(upstream:short)%00%(objectname)%00%(upstream:track)%00%(upstream:remotename)%00%(upstream:remoteref) refs/heads/main refs/remotes/main [1ms]
2026-08-14 05:58:37.725 [info] > git for-each-ref --sort -committerdate --format %(refname)%00%(objectname)%00%(*objectname) [1ms]
2026-08-14 05:58:37.739 [info] > git status -z -uall [21ms]
2026-08-14 05:58:42.751 [info] > git config --get commit.template [4ms]
2026-08-14 05:58:42.751 [info] > git for-each-ref --format=%(refname)%00%(upstream:short)%00%(objectname)%00%(upstream:track)%00%(upstream:remotename)%00%(upstream:remoteref) refs/heads/main refs/remotes/main [1ms]
2026-08-14 05:58:42.760 [info] > git for-each-ref --sort -committerdate --format %(refname)%00%(objectname)%00%(*objectname) [1ms]
2026-08-14 05:58:42.774 [info] > git status -z -uall [19ms]
2026-08-14 05:58:47.788 [info] > git config --get commit.template [5ms]
2026-08-14 05:58:47.788 [info] > git for-each-ref --format=%(refname)%00%(upstream:short)%00%(objectname)%00%(upstream:track)%00%(upstream:remotename)%00%(upstream:remoteref) refs/heads/main refs/remotes/main [1ms]
2026-08-14 05:58:47.798 [info] > git for-each-ref --sort -committerdate --format %(refname)%00%(objectname)%00%(*objectname) [1ms]
2026-08-14 05:58:47.811 [info] > git status -z -uall [18ms]
2026-08-14 05:58:52.824 [info] > git config --get commit.template [5ms]
2026-08-14 05:58:52.824 [info] > git for-each-ref --format=%(refname)%00%(upstream:short)%00%(objectname)%00%(upstream:track)%00%(upstream:remotename)%00%(upstream:remoteref) refs/heads/main refs/remotes/main [1ms]
2026-08-14 05:58:52.834 [info] > git for-each-ref --sort -committerdate --format %(refname)%00%(objectname)%00%(*objectname) [1ms]
2026-08-14 05:58:52.846 [info] > git status -z -uall [18ms]
2026-08-14 05:58:57.858 [info] > git config --get commit.template [5ms]
2026-08-14 05:58:57.858 [info] > git for-each-ref --format=%(refname)%00%(upstream:short)%00%(objectname)%00%(upstream:track)%00%(upstream:remotename)%00%(upstream:remoteref) refs/heads/main refs/remotes/main [1ms]
2026-08-14 05:58:57.867 [info] > git for-each-ref --sort -committerdate --format %(refname)%00%(objectname)%00%(*objectname) [1ms]
2026-08-14 05:58:57.882 [info] > git status -z -uall [20ms]
2026-08-14 05:59:02.895 [info] > git config --get commit.template [5ms]
2026-08-14 05:59:02.896 [info] > git for-each-ref --format=%(refname)%00%(upstream:short)%00%(objectname)%00%(upstream:track)%00%(upstream:remotename)%00%(upstream:remoteref) refs/heads/main refs/remotes/main [1ms]
2026-08-14 05:59:02.905 [info] > git for-each-ref --sort -committerdate --format %(refname)%00%(objectname)%00%(*objectname) [1ms]
2026-08-14 05:59:02.918 [info] > git status -z -uall [18ms]
2026-08-14 05:59:07.935 [info] > git config --get commit.template [7ms]
2026-08-14 05:59:07.936 [info] > git for-each-ref --format=%(refname)%00%(upstream:short)%00%(objectname)%00%(upstream:track)%00%(upstream:remotename)%00%(upstream:remoteref) refs/heads/main refs/remotes/main [2ms]
2026-08-14 05:59:07.952 [info] > git for-each-ref --sort -committerdate --format %(refname)%00%(objectname)%00%(*objectname) [1ms]
2026-08-14 05:59:07.966 [info] > git status -z -uall [21ms]
2026-08-14 05:59:12.986 [info] > git config --get commit.template [11ms]
2026-08-14 05:59:12.987 [info] > git for-each-ref --format=%(refname)%00%(upstream:short)%00%(objectname)%00%(upstream:track)%00%(upstream:remotename)%00%(upstream:remoteref) refs/heads/main refs/remotes/main [1ms]
2026-08-14 05:59:13.005 [info] > git for-each-ref --sort -committerdate --format %(refname)%00%(objectname)%00%(*objectname) [1ms]
2026-08-14 05:59:13.015 [info] > git status -z -uall [22ms]
2026-08-14 05:59:18.029 [info] > git config --get commit.template [4ms]
2026-08-14 05:59:18.030 [info] > git for-each-ref --format=%(refname)%00%(upstream:short)%00%(objectname)%00%(upstream:track)%00%(upstream:remotename)%00%(upstream:remoteref) refs/heads/main refs/remotes/main [1ms]
2026-08-14 05:59:18.039 [info] > git for-each-ref --sort -committerdate --format %(refname)%00%(objectname)%00%(*objectname) [1ms]
2026-08-14 05:59:18.052 [info] > git status -z -uall [18ms]
2026-08-14 05:59:23.061 [info] > git config --get commit.template [1ms]
2026-08-14 05:59:23.066 [info] > git for-each-ref --format=%(refname)%00%(upstream:short)%00%(objectname)%00%(upstream:track)%00%(upstream:remotename)%00%(upstream:remoteref) refs/heads/main refs/remotes/main [1ms]
2026-08-14 05:59:23.075 [info] > git for-each-ref --sort -committerdate --format %(refname)%00%(objectname)%00%(*objectname) [1ms]
2026-08-14 05:59:23.090 [info] > git status -z -uall [20ms]
2026-08-14 05:59:28.102 [info] > git config --get commit.template [4ms]
2026-08-14 05:59:28.103 [info] > git for-each-ref --format=%(refname)%00%(upstream:short)%00%(objectname)%00%(upstream:track)%00%(upstream:remotename)%00%(upstream:remoteref) refs/heads/main refs/remotes/main [1ms]
2026-08-14 05:59:28.113 [info] > git for-each-ref --sort -committerdate --format %(refname)%00%(objectname)%00%(*objectname) [1ms]
2026-08-14 05:59:28.126 [info] > git status -z -uall [18ms]
2026-08-14 05:59:33.138 [info] > git config --get commit.template [4ms]
2026-08-14 05:59:33.139 [info] > git for-each-ref --format=%(refname)%00%(upstream:short)%00%(objectname)%00%(upstream:track)%00%(upstream:remotename)%00%(upstream:remoteref) refs/heads/main refs/remotes/main [1ms]
2026-08-14 05:59:33.148 [info] > git for-each-ref --sort -committerdate --format %(refname)%00%(objectname)%00%(*objectname) [1ms]
2026-08-14 05:59:33.161 [info] > git status -z -uall [18ms]
2026-08-14 05:59:38.173 [info] > git config --get commit.template [4ms]
2026-08-14 05:59:38.174 [info] > git for-each-ref --format=%(refname)%00%(upstream:short)%00%(objectname)%00%(upstream:track)%00%(upstream:remotename)%00%(upstream:remoteref) refs/heads/main refs/remotes/main [1ms]
2026-08-14 05:59:38.183 [info] > git for-each-ref --sort -committerdate --format %(refname)%00%(objectname)%00%(*objectname) [1ms]
2026-08-14 05:59:38.197 [info] > git status -z -uall [19ms]
2026-08-14 05:59:43.210 [info] > git config --get commit.template [4ms]
2026-08-14 05:59:43.211 [info] > git for-each-ref --format=%(refname)%00%(upstream:short)%00%(objectname)%00%(upstream:track)%00%(upstream:remotename)%00%(upstream:remoteref) refs/heads/main refs/remotes/main [1ms]
2026-08-14 05:59:43.220 [info] > git for-each-ref --sort -committerdate --format %(refname)%00%(objectname)%00%(*objectname) [1ms]
2026-08-14 05:59:43.233 [info] > git status -z -uall [18ms]
2026-08-14 05:59:48.244 [info] > git config --get commit.template [4ms]
2026-08-14 05:59:48.245 [info] > git for-each-ref --format=%(refname)%00%(upstream:short)%00%(objectname)%00%(upstream:track)%00%(upstream:remotename)%00%(upstream:remoteref) refs/heads/main refs/remotes/main [1ms]
2026-08-14 05:59:48.254 [info] > git for-each-ref --sort -committerdate --format %(refname)%00%(objectname)%00%(*objectname) [1ms]
2026-08-14 05:59:48.268 [info] > git status -z -uall [19ms]
2026-08-14 05:59:53.281 [info] > git config --get commit.template [5ms]
2026-08-14 05:59:53.282 [info] > git for-each-ref --format=%(refname)%00%(upstream:short)%00%(objectname)%00%(upstream:track)%00%(upstream:remotename)%00%(upstream:remoteref) refs/heads/main refs/remotes/main [1ms]
2026-08-14 05:59:53.291 [info] > git for-each-ref --sort -committerdate --format %(refname)%00%(objectname)%00%(*objectname) [1ms]
2026-08-14 05:59:53.305 [info] > git status -z -uall [19ms]
2026-08-14 05:59:58.319 [info] > git config --get commit.template [5ms]
2026-08-14 05:59:58.319 [info] > git for-each-ref --format=%(refname)%00%(upstream:short)%00%(objectname)%00%(upstream:track)%00%(upstream:remotename)%00%(upstream:remoteref) refs/heads/main refs/remotes/main [1ms]
2026-08-14 05:59:58.329 [info] > git for-each-ref --sort -committerdate --format %(refname)%00%(objectname)%00%(*objectname) [1ms]
2026-08-14 05:59:58.343 [info] > git status -z -uall [20ms]
2026-08-14 06:00:03.362 [info] > git config --get commit.template [7ms]
2026-08-14 06:00:03.363 [info] > git for-each-ref --format=%(refname)%00%(upstream:short)%00%(objectname)%00%(upstream:track)%00%(upstream:remotename)%00%(upstream:remoteref) refs/heads/main refs/remotes/main [2ms]
2026-08-14 06:00:03.380 [info] > git for-each-ref --sort -committerdate --format %(refname)%00%(objectname)%00%(*objectname) [1ms]
2026-08-14 06:00:03.395 [info] > git status -z -uall [24ms]
2026-08-14 06:00:08.408 [info] > git config --get commit.template [4ms]
2026-08-14 06:00:08.409 [info] > git for-each-ref --format=%(refname)%00%(upstream:short)%00%(objectname)%00%(upstream:track)%00%(upstream:remotename)%00%(upstream:remoteref) refs/heads/main refs/remotes/main [1ms]
2026-08-14 06:00:08.418 [info] > git for-each-ref --sort -committerdate --format %(refname)%00%(objectname)%00%(*objectname) [1ms]
2026-08-14 06:00:08.433 [info] > git status -z -uall [20ms]
2026-08-14 06:00:13.447 [info] > git config --get commit.template [5ms]
2026-08-14 06:00:13.448 [info] > git for-each-ref --format=%(refname)%00%(upstream:short)%00%(objectname)%00%(upstream:track)%00%(upstream:remotename)%00%(upstream:remoteref) refs/heads/main refs/remotes/main [1ms]
2026-08-14 06:00:13.456 [info] > git for-each-ref --sort -committerdate --format %(refname)%00%(objectname)%00%(*objectname) [0ms]
2026-08-14 06:00:13.470 [info] > git status -z -uall [18ms]
2026-08-14 06:00:18.484 [info] > git config --get commit.template [5ms]
2026-08-14 06:00:18.485 [info] > git for-each-ref --format=%(refname)%00%(upstream:short)%00%(objectname)%00%(upstream:track)%00%(upstream:remotename)%00%(upstream:remoteref) refs/heads/main refs/remotes/main [1ms]
2026-08-14 06:00:18.494 [info] > git for-each-ref --sort -committerdate --format %(refname)%00%(objectname)%00%(*objectname) [1ms]
2026-08-14 06:00:18.508 [info] > git status -z -uall [19ms]
2026-08-14 06:00:23.517 [info] > git config --get commit.template [1ms]
2026-08-14 06:00:23.522 [info] > git for-each-ref --format=%(refname)%00%(upstream:short)%00%(objectname)%00%(upstream:track)%00%(upstream:remotename)%00%(upstream:remoteref) refs/heads/main refs/remotes/main [1ms]
2026-08-14 06:00:23.532 [info] > git for-each-ref --sort -committerdate --format %(refname)%00%(objectname)%00%(*objectname) [1ms]
2026-08-14 06:00:23.546 [info] > git status -z -uall [19ms]
2026-08-14 06:00:28.555 [info] > git config --get commit.template [0ms]
2026-08-14 06:00:28.562 [info] > git for-each-ref --format=%(refname)%00%(upstream:short)%00%(objectname)%00%(upstream:track)%00%(upstream:remotename)%00%(upstream:remoteref) refs/heads/main refs/remotes/main [1ms]
2026-08-14 06:00:28.573 [info] > git for-each-ref --sort -committerdate --format %(refname)%00%(objectname)%00%(*objectname) [1ms]
2026-08-14 06:00:28.587 [info] > git status -z -uall [20ms]
2026-08-14 06:00:33.600 [info] > git config --get commit.template [5ms]
2026-08-14 06:00:33.600 [info] > git for-each-ref --format=%(refname)%00%(upstream:short)%00%(objectname)%00%(upstream:track)%00%(upstream:remotename)%00%(upstream:remoteref) refs/heads/main refs/remotes/main [1ms]
2026-08-14 06:00:33.609 [info] > git for-each-ref --sort -committerdate --format %(refname)%00%(objectname)%00%(*objectname) [1ms]
2026-08-14 06:00:33.624 [info] > git status -z -uall [19ms]
2026-08-14 06:00:38.636 [info] > git config --get commit.template [4ms]
2026-08-14 06:00:38.637 [info] > git for-each-ref --format=%(refname)%00%(upstream:short)%00%(objectname)%00%(upstream:track)%00%(upstream:remotename)%00%(upstream:remoteref) refs/heads/main refs/remotes/main [1ms]
2026-08-14 06:00:38.647 [info] > git for-each-ref --sort -committerdate --format %(refname)%00%(objectname)%00%(*objectname) [1ms]
2026-08-14 06:00:38.659 [info] > git status -z -uall [18ms]
2026-08-14 06:00:52.666 [info] > git config --get commit.template [6ms]
2026-08-14 06:00:52.667 [info] > git for-each-ref --format=%(refname)%00%(upstream:short)%00%(objectname)%00%(upstream:track)%00%(upstream:remotename)%00%(upstream:remoteref) refs/heads/main refs/remotes/main [1ms]
2026-08-14 06:00:52.676 [info] > git for-each-ref --sort -committerdate --format %(refname)%00%(objectname)%00%(*objectname) [1ms]
2026-08-14 06:00:52.690 [info] > git status -z -uall [19ms]
2026-08-14 06:09:55.806 [info] > git config --get commit.template [7ms]
2026-08-14 06:09:55.806 [info] > git for-each-ref --format=%(refname)%00%(upstream:short)%00%(objectname)%00%(upstream:track)%00%(upstream:remotename)%00%(upstream:remoteref) refs/heads/main refs/remotes/main [1ms]
2026-08-14 06:09:55.819 [info] > git for-each-ref --sort -committerdate --format %(refname)%00%(objectname)%00%(*objectname) [1ms]
2026-08-14 06:09:55.832 [info] > git status -z -uall [20ms]
2026-08-14 06:10:00.844 [info] > git config --get commit.template [4ms]
2026-08-14 06:10:00.845 [info] > git for-each-ref --format=%(refname)%00%(upstream:short)%00%(objectname)%00%(upstream:track)%00%(upstream:remotename)%00%(upstream:remoteref) refs/heads/main refs/remotes/main [1ms]
2026-08-14 06:10:00.854 [info] > git for-each-ref --sort -committerdate --format %(refname)%00%(objectname)%00%(*objectname) [0ms]
2026-08-14 06:10:00.867 [info] > git status -z -uall [18ms]
2026-08-14 06:10:05.882 [info] > git config --get commit.template [6ms]
2026-08-14 06:10:05.883 [info] > git for-each-ref --format=%(refname)%00%(upstream:short)%00%(objectname)%00%(upstream:track)%00%(upstream:remotename)%00%(upstream:remoteref) refs/heads/main refs/remotes/main [1ms]
2026-08-14 06:10:05.892 [info] > git for-each-ref --sort -committerdate --format %(refname)%00%(objectname)%00%(*objectname) [1ms]
2026-08-14 06:10:05.906 [info] > git status -z -uall [19ms]
2026-08-14 06:10:10.921 [info] > git config --get commit.template [5ms]
2026-08-14 06:10:10.922 [info] > git for-each-ref --format=%(refname)%00%(upstream:short)%00%(objectname)%00%(upstream:track)%00%(upstream:remotename)%00%(upstream:remoteref) refs/heads/main refs/remotes/main [1ms]
2026-08-14 06:10:10.934 [info] > git for-each-ref --sort -committerdate --format %(refname)%00%(objectname)%00%(*objectname) [2ms]
2026-08-14 06:10:10.951 [info] > git status -z -uall [25ms]
2026-08-14 06:10:27.311 [info] > git config --get commit.template [6ms]
2026-08-14 06:10:27.312 [info] > git for-each-ref --format=%(refname)%00%(upstream:short)%00%(objectname)%00%(upstream:track)%00%(upstream:remotename)%00%(upstream:remoteref) refs/heads/main refs/remotes/main [1ms]
2026-08-14 06:10:27.324 [info] > git for-each-ref --sort -committerdate --format %(refname)%00%(objectname)%00%(*objectname) [1ms]
2026-08-14 06:10:27.337 [info] > git status -z -uall [18ms]
2026-08-14 06:10:32.352 [info] > git config --get commit.template [6ms]
2026-08-14 06:10:32.353 [info] > git for-each-ref --format=%(refname)%00%(upstream:short)%00%(objectname)%00%(upstream:track)%00%(upstream:remotename)%00%(upstream:remoteref) refs/heads/main refs/remotes/main [1ms]
2026-08-14 06:10:32.365 [info] > git for-each-ref --sort -committerdate --format %(refname)%00%(objectname)%00%(*objectname) [1ms]
2026-08-14 06:10:32.378 [info] > git status -z -uall [19ms]
2026-08-14 06:10:37.390 [info] > git config --get commit.template [4ms]
2026-08-14 06:10:37.391 [info] > git for-each-ref --format=%(refname)%00%(upstream:short)%00%(objectname)%00%(upstream:track)%00%(upstream:remotename)%00%(upstream:remoteref) refs/heads/main refs/remotes/main [1ms]
2026-08-14 06:10:37.400 [info] > git for-each-ref --sort -committerdate --format %(refname)%00%(objectname)%00%(*objectname) [1ms]
2026-08-14 06:10:37.413 [info] > git status -z -uall [18ms]
2026-08-14 06:10:42.425 [info] > git config --get commit.template [4ms]
2026-08-14 06:10:42.426 [info] > git for-each-ref --format=%(refname)%00%(upstream:short)%00%(objectname)%00%(upstream:track)%00%(upstream:remotename)%00%(upstream:remoteref) refs/heads/main refs/remotes/main [1ms]
2026-08-14 06:10:42.435 [info] > git for-each-ref --sort -committerdate --format %(refname)%00%(objectname)%00%(*objectname) [0ms]
2026-08-14 06:10:42.449 [info] > git status -z -uall [19ms]
2026-08-14 06:11:15.857 [info] > git config --get commit.template [5ms]
2026-08-14 06:11:15.857 [info] > git for-each-ref --format=%(refname)%00%(upstream:short)%00%(objectname)%00%(upstream:track)%00%(upstream:remotename)%00%(upstream:remoteref) refs/heads/main refs/remotes/main [1ms]
2026-08-14 06:11:15.868 [info] > git for-each-ref --sort -committerdate --format %(refname)%00%(objectname)%00%(*objectname) [1ms]
2026-08-14 06:11:15.881 [info] > git status -z -uall [19ms]
2026-08-14 06:11:20.893 [info] > git config --get commit.template [4ms]
2026-08-14 06:11:20.894 [info] > git for-each-ref --format=%(refname)%00%(upstream:short)%00%(objectname)%00%(upstream:track)%00%(upstream:remotename)%00%(upstream:remoteref) refs/heads/main refs/remotes/main [1ms]
2026-08-14 06:11:20.903 [info] > git for-each-ref --sort -committerdate --format %(refname)%00%(objectname)%00%(*objectname) [1ms]
2026-08-14 06:11:20.917 [info] > git status -z -uall [19ms]
2026-08-14 06:11:25.928 [info] > git config --get commit.template [1ms]
2026-08-14 06:11:25.935 [info] > git for-each-ref --format=%(refname)%00%(upstream:short)%00%(objectname)%00%(upstream:track)%00%(upstream:remotename)%00%(upstream:remoteref) refs/heads/main refs/remotes/main [1ms]
2026-08-14 06:11:25.950 [info] > git for-each-ref --sort -committerdate --format %(refname)%00%(objectname)%00%(*objectname) [1ms]
2026-08-14 06:11:25.960 [info] > git status -z -uall [18ms]
2026-08-14 06:11:30.974 [info] > git config --get commit.template [5ms]
2026-08-14 06:11:30.975 [info] > git for-each-ref --format=%(refname)%00%(upstream:short)%00%(objectname)%00%(upstream:track)%00%(upstream:remotename)%00%(upstream:remoteref) refs/heads/main refs/remotes/main [1ms]
2026-08-14 06:11:30.988 [info] > git for-each-ref --sort -committerdate --format %(refname)%00%(objectname)%00%(*objectname) [1ms]
2026-08-14 06:11:31.000 [info] > git status -z -uall [19ms]
2026-08-14 06:11:36.020 [info] > git config --get commit.template [8ms]
2026-08-14 06:11:36.021 [info] > git for-each-ref --format=%(refname)%00%(upstream:short)%00%(objectname)%00%(upstream:track)%00%(upstream:remotename)%00%(upstream:remoteref) refs/heads/main refs/remotes/main [1ms]
2026-08-14 06:11:36.047 [info] > git for-each-ref --sort -committerdate --format %(refname)%00%(objectname)%00%(*objectname) [1ms]
2026-08-14 06:11:36.053 [info] > git status -z -uall [21ms]
2026-08-14 06:11:41.067 [info] > git config --get commit.template [6ms]
2026-08-14 06:11:41.068 [info] > git for-each-ref --format=%(refname)%00%(upstream:short)%00%(objectname)%00%(upstream:track)%00%(upstream:remotename)%00%(upstream:remoteref) refs/heads/main refs/remotes/main [1ms]
2026-08-14 06:11:41.078 [info] > git for-each-ref --sort -committerdate --format %(refname)%00%(objectname)%00%(*objectname) [1ms]
2026-08-14 06:11:41.099 [info] > git status -z -uall [26ms]
2026-08-14 06:11:46.109 [info] > git config --get commit.template [1ms]
2026-08-14 06:11:46.114 [info] > git for-each-ref --format=%(refname)%00%(upstream:short)%00%(objectname)%00%(upstream:track)%00%(upstream:remotename)%00%(upstream:remoteref) refs/heads/main refs/remotes/main [1ms]
2026-08-14 06:11:46.123 [info] > git for-each-ref --sort -committerdate --format %(refname)%00%(objectname)%00%(*objectname) [1ms]
2026-08-14 06:11:46.137 [info] > git status -z -uall [19ms]
2026-08-14 06:11:51.149 [info] > git config --get commit.template [4ms]
2026-08-14 06:11:51.150 [info] > git for-each-ref --format=%(refname)%00%(upstream:short)%00%(objectname)%00%(upstream:track)%00%(upstream:remotename)%00%(upstream:remoteref) refs/heads/main refs/remotes/main [1ms]
2026-08-14 06:11:51.159 [info] > git for-each-ref --sort -committerdate --format %(refname)%00%(objectname)%00%(*objectname) [1ms]
2026-08-14 06:11:51.172 [info] > git status -z -uall [18ms]
2026-08-14 06:11:56.185 [info] > git config --get commit.template [4ms]
2026-08-14 06:11:56.185 [info] > git for-each-ref --format=%(refname)%00%(upstream:short)%00%(objectname)%00%(upstream:track)%00%(upstream:remotename)%00%(upstream:remoteref) refs/heads/main refs/remotes/main [1ms]
2026-08-14 06:11:56.194 [info] > git for-each-ref --sort -committerdate --format %(refname)%00%(objectname)%00%(*objectname) [1ms]
2026-08-14 06:11:56.208 [info] > git status -z -uall [19ms]
2026-08-14 06:12:01.219 [info] > git config --get commit.template [4ms]
2026-08-14 06:12:01.220 [info] > git for-each-ref --format=%(refname)%00%(upstream:short)%00%(objectname)%00%(upstream:track)%00%(upstream:remotename)%00%(upstream:remoteref) refs/heads/main refs/remotes/main [1ms]
2026-08-14 06:12:01.229 [info] > git for-each-ref --sort -committerdate --format %(refname)%00%(objectname)%00%(*objectname) [1ms]
2026-08-14 06:12:01.243 [info] > git status -z -uall [19ms]
2026-08-14 06:12:06.254 [info] > git config --get commit.template [4ms]
2026-08-14 06:12:06.254 [info] > git for-each-ref --format=%(refname)%00%(upstream:short)%00%(objectname)%00%(upstream:track)%00%(upstream:remotename)%00%(upstream:remoteref) refs/heads/main refs/remotes/main [0ms]
2026-08-14 06:12:06.263 [info] > git for-each-ref --sort -committerdate --format %(refname)%00%(objectname)%00%(*objectname) [1ms]
2026-08-14 06:12:06.277 [info] > git status -z -uall [19ms]
2026-08-14 06:12:11.290 [info] > git config --get commit.template [5ms]
2026-08-14 06:12:11.291 [info] > git for-each-ref --format=%(refname)%00%(upstream:short)%00%(objectname)%00%(upstream:track)%00%(upstream:remotename)%00%(upstream:remoteref) refs/heads/main refs/remotes/main [1ms]
2026-08-14 06:12:11.302 [info] > git for-each-ref --sort -committerdate --format %(refname)%00%(objectname)%00%(*objectname) [1ms]
2026-08-14 06:12:11.321 [info] > git status -z -uall [25ms]
2026-08-14 06:12:16.336 [info] > git config --get commit.template [5ms]
2026-08-14 06:12:16.337 [info] > git for-each-ref --format=%(refname)%00%(upstream:short)%00%(objectname)%00%(upstream:track)%00%(upstream:remotename)%00%(upstream:remoteref) refs/heads/main refs/remotes/main [1ms]
2026-08-14 06:12:16.346 [info] > git for-each-ref --sort -committerdate --format %(refname)%00%(objectname)%00%(*objectname) [1ms]
2026-08-14 06:12:16.361 [info] > git status -z -uall [20ms]
2026-08-14 06:12:21.374 [info] > git config --get commit.template [5ms]
2026-08-14 06:12:21.374 [info] > git for-each-ref --format=%(refname)%00%(upstream:short)%00%(objectname)%00%(upstream:track)%00%(upstream:remotename)%00%(upstream:remoteref) refs/heads/main refs/remotes/main [1ms]
2026-08-14 06:12:21.384 [info] > git for-each-ref --sort -committerdate --format %(refname)%00%(objectname)%00%(*objectname) [1ms]
2026-08-14 06:12:21.397 [info] > git status -z -uall [18ms]
2026-08-14 06:12:26.411 [info] > git config --get commit.template [5ms]
2026-08-14 06:12:26.412 [info] > git for-each-ref --format=%(refname)%00%(upstream:short)%00%(objectname)%00%(upstream:track)%00%(upstream:remotename)%00%(upstream:remoteref) refs/heads/main refs/remotes/main [1ms]
2026-08-14 06:12:26.421 [info] > git for-each-ref --sort -committerdate --format %(refname)%00%(objectname)%00%(*objectname) [0ms]
2026-08-14 06:12:26.435 [info] > git status -z -uall [19ms]
2026-08-14 06:12:31.446 [info] > git config --get commit.template [4ms]
2026-08-14 06:12:31.447 [info] > git for-each-ref --format=%(refname)%00%(upstream:short)%00%(objectname)%00%(upstream:track)%00%(upstream:remotename)%00%(upstream:remoteref) refs/heads/main refs/remotes/main [1ms]
2026-08-14 06:12:31.456 [info] > git for-each-ref --sort -committerdate --format %(refname)%00%(objectname)%00%(*objectname) [1ms]
2026-08-14 06:12:31.470 [info] > git status -z -uall [19ms]
2026-08-14 06:12:36.483 [info] > git config --get commit.template [6ms]
2026-08-14 06:12:36.483 [info] > git for-each-ref --format=%(refname)%00%(upstream:short)%00%(objectname)%00%(upstream:track)%00%(upstream:remotename)%00%(upstream:remoteref) refs/heads/main refs/remotes/main [1ms]
2026-08-14 06:12:36.493 [info] > git for-each-ref --sort -committerdate --format %(refname)%00%(objectname)%00%(*objectname) [1ms]
2026-08-14 06:12:36.509 [info] > git status -z -uall [21ms]
2026-08-14 06:12:41.521 [info] > git config --get commit.template [4ms]
2026-08-14 06:12:41.522 [info] > git for-each-ref --format=%(refname)%00%(upstream:short)%00%(objectname)%00%(upstream:track)%00%(upstream:remotename)%00%(upstream:remoteref) refs/heads/main refs/remotes/main [1ms]
2026-08-14 06:12:41.531 [info] > git for-each-ref --sort -committerdate --format %(refname)%00%(objectname)%00%(*objectname) [0ms]
2026-08-14 06:12:41.545 [info] > git status -z -uall [18ms]
2026-08-14 06:12:46.559 [info] > git config --get commit.template [5ms]
2026-08-14 06:12:46.559 [info] > git for-each-ref --format=%(refname)%00%(upstream:short)%00%(objectname)%00%(upstream:track)%00%(upstream:remotename)%00%(upstream:remoteref) refs/heads/main refs/remotes/main [1ms]
2026-08-14 06:12:46.569 [info] > git for-each-ref --sort -committerdate --format %(refname)%00%(objectname)%00%(*objectname) [0ms]
2026-08-14 06:12:46.582 [info] > git status -z -uall [18ms]
2026-08-14 06:12:51.596 [info] > git config --get commit.template [5ms]
2026-08-14 06:12:51.597 [info] > git for-each-ref --format=%(refname)%00%(upstream:short)%00%(objectname)%00%(upstream:track)%00%(upstream:remotename)%00%(upstream:remoteref) refs/heads/main refs/remotes/main [1ms]
2026-08-14 06:12:51.606 [info] > git for-each-ref --sort -committerdate --format %(refname)%00%(objectname)%00%(*objectname) [1ms]
2026-08-14 06:12:51.620 [info] > git status -z -uall [19ms]
2026-08-14 06:12:56.635 [info] > git config --get commit.template [6ms]
2026-08-14 06:12:56.635 [info] > git for-each-ref --format=%(refname)%00%(upstream:short)%00%(objectname)%00%(upstream:track)%00%(upstream:remotename)%00%(upstream:remoteref) refs/heads/main refs/remotes/main [1ms]
2026-08-14 06:12:56.645 [info] > git for-each-ref --sort -committerdate --format %(refname)%00%(objectname)%00%(*objectname) [1ms]
2026-08-14 06:12:56.659 [info] > git status -z -uall [20ms]
2026-08-14 06:13:01.672 [info] > git config --get commit.template [5ms]
2026-08-14 06:13:01.673 [info] > git for-each-ref --format=%(refname)%00%(upstream:short)%00%(objectname)%00%(upstream:track)%00%(upstream:remotename)%00%(upstream:remoteref) refs/heads/main refs/remotes/main [1ms]
2026-08-14 06:13:01.682 [info] > git for-each-ref --sort -committerdate --format %(refname)%00%(objectname)%00%(*objectname) [1ms]
2026-08-14 06:13:01.695 [info] > git status -z -uall [18ms]
2026-08-14 06:13:06.709 [info] > git config --get commit.template [5ms]
2026-08-14 06:13:06.709 [info] > git for-each-ref --format=%(refname)%00%(upstream:short)%00%(objectname)%00%(upstream:track)%00%(upstream:remotename)%00%(upstream:remoteref) refs/heads/main refs/remotes/main [1ms]
2026-08-14 06:13:06.718 [info] > git for-each-ref --sort -committerdate --format %(refname)%00%(objectname)%00%(*objectname) [1ms]
2026-08-14 06:13:06.731 [info] > git status -z -uall [18ms]
2026-08-14 06:13:10.263 [info] > git merge-base HEAD @{upstream} [4ms]
2026-08-14 06:13:10.272 [info] > git config --get --local core.virtualfilesystem [1ms]
2026-08-14 06:13:10.272 [warning] [Git][config] git config failed: Failed to execute git
2026-08-14 06:13:10.291 [info] > git config --get --local core.sparsecheckout [11ms]
2026-08-14 06:13:10.291 [warning] [Git][config] git config failed: Failed to execute git
2026-08-14 06:13:10.330 [info] > git show -s --decorate=full --shortstat --format=%H%n%aN%n%aE%n%at%n%ct%n%P%n%D%n%B -z f586f5864ae727be8a36ded241d52f3fe673ba52 -- [30ms]
2026-08-14 06:13:10.357 [info] > git log --format=%H%n%aN%n%aE%n%at%n%ct%n%P%n%D%n%B -z f586f5864ae727be8a36ded241d52f3fe673ba52..HEAD [18ms]
2026-08-14 06:13:10.439 [info] > git diff --name-status -z --diff-filter=ADMR f586f5864ae727be8a36ded241d52f3fe673ba52 -- [33ms]
2026-08-14 06:13:11.746 [info] > git config --get commit.template [6ms]
2026-08-14 06:13:11.747 [info] > git for-each-ref --format=%(refname)%00%(upstream:short)%00%(objectname)%00%(upstream:track)%00%(upstream:remotename)%00%(upstream:remoteref) refs/heads/main refs/remotes/main [1ms]
2026-08-14 06:13:11.758 [info] > git for-each-ref --sort -committerdate --format %(refname)%00%(objectname)%00%(*objectname) [1ms]
2026-08-14 06:13:11.771 [info] > git status -z -uall [19ms]
2026-08-14 06:13:16.785 [info] > git config --get commit.template [5ms]
2026-08-14 06:13:16.786 [info] > git for-each-ref --format=%(refname)%00%(upstream:short)%00%(objectname)%00%(upstream:track)%00%(upstream:remotename)%00%(upstream:remoteref) refs/heads/main refs/remotes/main [1ms]
2026-08-14 06:13:16.798 [info] > git for-each-ref --sort -committerdate --format %(refname)%00%(objectname)%00%(*objectname) [1ms]
2026-08-14 06:13:16.811 [info] > git status -z -uall [19ms]
2026-08-14 06:13:21.827 [info] > git config --get commit.template [7ms]
2026-08-14 06:13:21.828 [info] > git for-each-ref --format=%(refname)%00%(upstream:short)%00%(objectname)%00%(upstream:track)%00%(upstream:remotename)%00%(upstream:remoteref) refs/heads/main refs/remotes/main [2ms]
2026-08-14 06:13:21.839 [info] > git for-each-ref --sort -committerdate --format %(refname)%00%(objectname)%00%(*objectname) [1ms]
2026-08-14 06:13:21.854 [info] > git status -z -uall [21ms]
2026-08-14 06:13:26.869 [info] > git config --get commit.template [5ms]
2026-08-14 06:13:26.869 [info] > git for-each-ref --format=%(refname)%00%(upstream:short)%00%(objectname)%00%(upstream:track)%00%(upstream:remotename)%00%(upstream:remoteref) refs/heads/main refs/remotes/main [1ms]
2026-08-14 06:13:26.879 [info] > git for-each-ref --sort -committerdate --format %(refname)%00%(objectname)%00%(*objectname) [1ms]
2026-08-14 06:13:26.891 [info] > git status -z -uall [18ms]
2026-08-14 06:13:27.119 [info] > git merge-base HEAD @{upstream} [4ms]
2026-08-14 06:13:27.126 [info] > git config --get --local core.virtualfilesystem [0ms]
2026-08-14 06:13:27.126 [warning] [Git][config] git config failed: Failed to execute git
2026-08-14 06:13:27.140 [info] > git config --get --local core.sparsecheckout [7ms]
2026-08-14 06:13:27.140 [warning] [Git][config] git config failed: Failed to execute git
2026-08-14 06:13:27.191 [info] > git show -s --decorate=full --shortstat --format=%H%n%aN%n%aE%n%at%n%ct%n%P%n%D%n%B -z f586f5864ae727be8a36ded241d52f3fe673ba52 -- [44ms]
2026-08-14 06:13:27.199 [info] > git log --format=%H%n%aN%n%aE%n%at%n%ct%n%P%n%D%n%B -z f586f5864ae727be8a36ded241d52f3fe673ba52..HEAD [1ms]
2026-08-14 06:13:27.237 [info] > git diff --name-status -z --diff-filter=ADMR f586f5864ae727be8a36ded241d52f3fe673ba52 -- [31ms]
2026-08-14 06:13:31.906 [info] > git config --get commit.template [6ms]
2026-08-14 06:13:31.907 [info] > git for-each-ref --format=%(refname)%00%(upstream:short)%00%(objectname)%00%(upstream:track)%00%(upstream:remotename)%00%(upstream:remoteref) refs/heads/main refs/remotes/main [1ms]
2026-08-14 06:13:31.919 [info] > git for-each-ref --sort -committerdate --format %(refname)%00%(objectname)%00%(*objectname) [1ms]
2026-08-14 06:13:31.931 [info] > git status -z -uall [19ms]
2026-08-14 06:13:42.783 [info] > git config --get commit.template [18ms]
2026-08-14 06:13:42.784 [info] > git for-each-ref --format=%(refname)%00%(upstream:short)%00%(objectname)%00%(upstream:track)%00%(upstream:remotename)%00%(upstream:remoteref) refs/heads/main refs/remotes/main [2ms]
2026-08-14 06:13:42.803 [info] > git for-each-ref --sort -committerdate --format %(refname)%00%(objectname)%00%(*objectname) [1ms]
2026-08-14 06:13:42.818 [info] > git status -z -uall [23ms]
2026-08-14 06:13:47.832 [info] > git config --get commit.template [5ms]
2026-08-14 06:13:47.833 [info] > git for-each-ref --format=%(refname)%00%(upstream:short)%00%(objectname)%00%(upstream:track)%00%(upstream:remotename)%00%(upstream:remoteref) refs/heads/main refs/remotes/main [1ms]
2026-08-14 06:13:47.846 [info] > git for-each-ref --sort -committerdate --format %(refname)%00%(objectname)%00%(*objectname) [1ms]
2026-08-14 06:13:47.860 [info] > git status -z -uall [21ms]
2026-08-14 06:13:52.872 [info] > git config --get commit.template [5ms]
2026-08-14 06:13:52.872 [info] > git for-each-ref --format=%(refname)%00%(upstream:short)%00%(objectname)%00%(upstream:track)%00%(upstream:remotename)%00%(upstream:remoteref) refs/heads/main refs/remotes/main [1ms]
2026-08-14 06:13:52.881 [info] > git for-each-ref --sort -committerdate --format %(refname)%00%(objectname)%00%(*objectname) [1ms]
2026-08-14 06:13:52.895 [info] > git status -z -uall [19ms]
2026-08-14 06:13:57.909 [info] > git config --get commit.template [6ms]
2026-08-14 06:13:57.910 [info] > git for-each-ref --format=%(refname)%00%(upstream:short)%00%(objectname)%00%(upstream:track)%00%(upstream:remotename)%00%(upstream:remoteref) refs/heads/main refs/remotes/main [1ms]
2026-08-14 06:13:57.920 [info] > git for-each-ref --sort -committerdate --format %(refname)%00%(objectname)%00%(*objectname) [1ms]
2026-08-14 06:13:57.933 [info] > git status -z -uall [19ms]
2026-08-14 06:14:02.945 [info] > git config --get commit.template [5ms]
2026-08-14 06:14:02.946 [info] > git for-each-ref --format=%(refname)%00%(upstream:short)%00%(objectname)%00%(upstream:track)%00%(upstream:remotename)%00%(upstream:remoteref) refs/heads/main refs/remotes/main [1ms]
2026-08-14 06:14:02.955 [info] > git for-each-ref --sort -committerdate --format %(refname)%00%(objectname)%00%(*objectname) [1ms]
2026-08-14 06:14:02.969 [info] > git status -z -uall [19ms]
2026-08-14 06:14:12.129 [info] > git config --get commit.template [5ms]
2026-08-14 06:14:12.130 [info] > git for-each-ref --format=%(refname)%00%(upstream:short)%00%(objectname)%00%(upstream:track)%00%(upstream:remotename)%00%(upstream:remoteref) refs/heads/main refs/remotes/main [1ms]
2026-08-14 06:14:12.139 [info] > git for-each-ref --sort -committerdate --format %(refname)%00%(objectname)%00%(*objectname) [1ms]
2026-08-14 06:14:12.153 [info] > git status -z -uall [20ms]
2026-08-14 06:14:18.073 [info] > git config --get commit.template [5ms]
2026-08-14 06:14:18.073 [info] > git for-each-ref --format=%(refname)%00%(upstream:short)%00%(objectname)%00%(upstream:track)%00%(upstream:remotename)%00%(upstream:remoteref) refs/heads/main refs/remotes/main [1ms]
2026-08-14 06:14:18.083 [info] > git for-each-ref --sort -committerdate --format %(refname)%00%(objectname)%00%(*objectname) [1ms]
2026-08-14 06:14:18.097 [info] > git status -z -uall [19ms]
2026-08-14 06:14:26.862 [info] > git config --get commit.template [1ms]
2026-08-14 06:14:26.867 [info] > git for-each-ref --format=%(refname)%00%(upstream:short)%00%(objectname)%00%(upstream:track)%00%(upstream:remotename)%00%(upstream:remoteref) refs/heads/main refs/remotes/main [1ms]
2026-08-14 06:14:26.875 [info] > git for-each-ref --sort -committerdate --format %(refname)%00%(objectname)%00%(*objectname) [0ms]
2026-08-14 06:14:26.889 [info] > git status -z -uall [18ms]
2026-08-14 06:14:38.593 [info] > git config --get commit.template [7ms]
2026-08-14 06:14:38.593 [info] > git for-each-ref --format=%(refname)%00%(upstream:short)%00%(objectname)%00%(upstream:track)%00%(upstream:remotename)%00%(upstream:remoteref) refs/heads/main refs/remotes/main [1ms]
2026-08-14 06:14:38.608 [info] > git for-each-ref --sort -committerdate --format %(refname)%00%(objectname)%00%(*objectname) [1ms]
2026-08-14 06:14:38.620 [info] > git status -z -uall [19ms]
2026-08-14 06:14:38.759 [info] > git merge-base HEAD @{upstream} [6ms]
2026-08-14 06:14:38.770 [info] > git config --get --local core.virtualfilesystem [2ms]
2026-08-14 06:14:38.770 [warning] [Git][config] git config failed: Failed to execute git
2026-08-14 06:14:38.818 [info] > git config --get --local core.sparsecheckout [41ms]
2026-08-14 06:14:38.818 [warning] [Git][config] git config failed: Failed to execute git
2026-08-14 06:14:38.842 [info] > git show -s --decorate=full --shortstat --format=%H%n%aN%n%aE%n%at%n%ct%n%P%n%D%n%B -z f586f5864ae727be8a36ded241d52f3fe673ba52 -- [18ms]
2026-08-14 06:14:38.850 [info] > git log --format=%H%n%aN%n%aE%n%at%n%ct%n%P%n%D%n%B -z f586f5864ae727be8a36ded241d52f3fe673ba52..HEAD [2ms]
2026-08-14 06:14:38.885 [info] > git diff --name-status -z --diff-filter=ADMR f586f5864ae727be8a36ded241d52f3fe673ba52 -- [30ms]
2026-08-14 06:14:43.640 [info] > git config --get commit.template [13ms]
2026-08-14 06:14:43.642 [info] > git for-each-ref --format=%(refname)%00%(upstream:short)%00%(objectname)%00%(upstream:track)%00%(upstream:remotename)%00%(upstream:remoteref) refs/heads/main refs/remotes/main [3ms]
2026-08-14 06:14:43.661 [info] > git for-each-ref --sort -committerdate --format %(refname)%00%(objectname)%00%(*objectname) [1ms]
2026-08-14 06:14:43.673 [info] > git status -z -uall [18ms]
2026-08-14 06:14:49.415 [info] > git config --get commit.template [5ms]
2026-08-14 06:14:49.416 [info] > git for-each-ref --format=%(refname)%00%(upstream:short)%00%(objectname)%00%(upstream:track)%00%(upstream:remotename)%00%(upstream:remoteref) refs/heads/main refs/remotes/main [1ms]
2026-08-14 06:14:49.425 [info] > git for-each-ref --sort -committerdate --format %(refname)%00%(objectname)%00%(*objectname) [1ms]
2026-08-14 06:14:49.439 [info] > git status -z -uall [19ms]
2026-08-14 06:14:54.452 [info] > git config --get commit.template [5ms]
2026-08-14 06:14:54.453 [info] > git for-each-ref --format=%(refname)%00%(upstream:short)%00%(objectname)%00%(upstream:track)%00%(upstream:remotename)%00%(upstream:remoteref) refs/heads/main refs/remotes/main [2ms]
2026-08-14 06:14:54.462 [info] > git for-each-ref --sort -committerdate --format %(refname)%00%(objectname)%00%(*objectname) [1ms]
2026-08-14 06:14:54.476 [info] > git status -z -uall [19ms]
2026-08-14 06:14:59.488 [info] > git config --get commit.template [5ms]
2026-08-14 06:14:59.488 [info] > git for-each-ref --format=%(refname)%00%(upstream:short)%00%(objectname)%00%(upstream:track)%00%(upstream:remotename)%00%(upstream:remoteref) refs/heads/main refs/remotes/main [1ms]
2026-08-14 06:14:59.497 [info] > git for-each-ref --sort -committerdate --format %(refname)%00%(objectname)%00%(*objectname) [0ms]
2026-08-14 06:14:59.512 [info] > git status -z -uall [20ms]
2026-08-14 06:15:12.646 [info] > git config --get commit.template [5ms]
2026-08-14 06:15:12.647 [info] > git for-each-ref --format=%(refname)%00%(upstream:short)%00%(objectname)%00%(upstream:track)%00%(upstream:remotename)%00%(upstream:remoteref) refs/heads/main refs/remotes/main [1ms]
2026-08-14 06:15:12.657 [info] > git for-each-ref --sort -committerdate --format %(refname)%00%(objectname)%00%(*objectname) [1ms]
2026-08-14 06:15:12.670 [info] > git status -z -uall [19ms]
2026-08-14 06:15:17.682 [info] > git config --get commit.template [5ms]
2026-08-14 06:15:17.682 [info] > git for-each-ref --format=%(refname)%00%(upstream:short)%00%(objectname)%00%(upstream:track)%00%(upstream:remotename)%00%(upstream:remoteref) refs/heads/main refs/remotes/main [1ms]
2026-08-14 06:15:17.692 [info] > git for-each-ref --sort -committerdate --format %(refname)%00%(objectname)%00%(*objectname) [1ms]
2026-08-14 06:15:17.707 [info] > git status -z -uall [20ms]
2026-08-14 06:15:22.721 [info] > git config --get commit.template [6ms]
2026-08-14 06:15:22.721 [info] > git for-each-ref --format=%(refname)%00%(upstream:short)%00%(objectname)%00%(upstream:track)%00%(upstream:remotename)%00%(upstream:remoteref) refs/heads/main refs/remotes/main [1ms]
2026-08-14 06:15:22.731 [info] > git for-each-ref --sort -committerdate --format %(refname)%00%(objectname)%00%(*objectname) [1ms]
2026-08-14 06:15:22.745 [info] > git status -z -uall [19ms]
2026-08-14 06:15:27.758 [info] > git config --get commit.template [5ms]
2026-08-14 06:15:27.759 [info] > git for-each-ref --format=%(refname)%00%(upstream:short)%00%(objectname)%00%(upstream:track)%00%(upstream:remotename)%00%(upstream:remoteref) refs/heads/main refs/remotes/main [1ms]
2026-08-14 06:15:27.768 [info] > git for-each-ref --sort -committerdate --format %(refname)%00%(objectname)%00%(*objectname) [1ms]
2026-08-14 06:15:27.781 [info] > git status -z -uall [18ms]
2026-08-14 06:15:32.793 [info] > git config --get commit.template [4ms]
2026-08-14 06:15:32.794 [info] > git for-each-ref --format=%(refname)%00%(upstream:short)%00%(objectname)%00%(upstream:track)%00%(upstream:remotename)%00%(upstream:remoteref) refs/heads/main refs/remotes/main [1ms]
2026-08-14 06:15:32.802 [info] > git for-each-ref --sort -committerdate --format %(refname)%00%(objectname)%00%(*objectname) [1ms]
2026-08-14 06:15:32.818 [info] > git status -z -uall [20ms]
2026-08-14 06:15:37.832 [info] > git config --get commit.template [5ms]
2026-08-14 06:15:37.833 [info] > git for-each-ref --format=%(refname)%00%(upstream:short)%00%(objectname)%00%(upstream:track)%00%(upstream:remotename)%00%(upstream:remoteref) refs/heads/main refs/remotes/main [1ms]
2026-08-14 06:15:37.842 [info] > git for-each-ref --sort -committerdate --format %(refname)%00%(objectname)%00%(*objectname) [1ms]
2026-08-14 06:15:37.856 [info] > git status -z -uall [19ms]
2026-08-14 06:15:43.146 [info] > git config --get commit.template [5ms]
2026-08-14 06:15:43.147 [info] > git for-each-ref --format=%(refname)%00%(upstream:short)%00%(objectname)%00%(upstream:track)%00%(upstream:remotename)%00%(upstream:remoteref) refs/heads/main refs/remotes/main [1ms]
2026-08-14 06:15:43.157 [info] > git for-each-ref --sort -committerdate --format %(refname)%00%(objectname)%00%(*objectname) [1ms]
2026-08-14 06:15:43.171 [info] > git status -z -uall [19ms]
2026-08-14 06:15:53.295 [info] > git config --get commit.template [6ms]
2026-08-14 06:15:53.295 [info] > git for-each-ref --format=%(refname)%00%(upstream:short)%00%(objectname)%00%(upstream:track)%00%(upstream:remotename)%00%(upstream:remoteref) refs/heads/main refs/remotes/main [1ms]
2026-08-14 06:15:53.306 [info] > git for-each-ref --sort -committerdate --format %(refname)%00%(objectname)%00%(*objectname) [1ms]
2026-08-14 06:15:53.320 [info] > git status -z -uall [20ms]
2026-08-14 06:15:58.337 [info] > git config --get commit.template [7ms]
2026-08-14 06:15:58.338 [info] > git for-each-ref --format=%(refname)%00%(upstream:short)%00%(objectname)%00%(upstream:track)%00%(upstream:remotename)%00%(upstream:remoteref) refs/heads/main refs/remotes/main [1ms]
2026-08-14 06:15:58.356 [info] > git for-each-ref --sort -committerdate --format %(refname)%00%(objectname)%00%(*objectname) [1ms]
2026-08-14 06:15:58.367 [info] > git status -z -uall [21ms]
2026-08-14 06:16:03.381 [info] > git config --get commit.template [5ms]
2026-08-14 06:16:03.382 [info] > git for-each-ref --format=%(refname)%00%(upstream:short)%00%(objectname)%00%(upstream:track)%00%(upstream:remotename)%00%(upstream:remoteref) refs/heads/main refs/remotes/main [1ms]
2026-08-14 06:16:03.391 [info] > git for-each-ref --sort -committerdate --format %(refname)%00%(objectname)%00%(*objectname) [1ms]
2026-08-14 06:16:03.406 [info] > git status -z -uall [20ms]
2026-08-14 06:16:08.419 [info] > git config --get commit.template [4ms]
2026-08-14 06:16:08.428 [info] > git for-each-ref --format=%(refname)%00%(upstream:short)%00%(objectname)%00%(upstream:track)%00%(upstream:remotename)%00%(upstream:remoteref) refs/heads/main refs/remotes/main [9ms]
2026-08-14 06:16:08.439 [info] > git for-each-ref --sort -committerdate --format %(refname)%00%(objectname)%00%(*objectname) [1ms]
2026-08-14 06:16:08.454 [info] > git status -z -uall [21ms]
2026-08-14 06:16:13.468 [info] > git config --get commit.template [5ms]
2026-08-14 06:16:13.469 [info] > git for-each-ref --format=%(refname)%00%(upstream:short)%00%(objectname)%00%(upstream:track)%00%(upstream:remotename)%00%(upstream:remoteref) refs/heads/main refs/remotes/main [1ms]
2026-08-14 06:16:13.478 [info] > git for-each-ref --sort -committerdate --format %(refname)%00%(objectname)%00%(*objectname) [1ms]
2026-08-14 06:16:13.491 [info] > git status -z -uall [18ms]
2026-08-14 06:16:18.505 [info] > git config --get commit.template [5ms]
2026-08-14 06:16:18.506 [info] > git for-each-ref --format=%(refname)%00%(upstream:short)%00%(objectname)%00%(upstream:track)%00%(upstream:remotename)%00%(upstream:remoteref) refs/heads/main refs/remotes/main [1ms]
2026-08-14 06:16:18.516 [info] > git for-each-ref --sort -committerdate --format %(refname)%00%(objectname)%00%(*objectname) [1ms]
2026-08-14 06:16:18.529 [info] > git status -z -uall [19ms]
2026-08-14 06:16:25.000 [info] > git config --get commit.template [4ms]
2026-08-14 06:16:25.000 [info] > git for-each-ref --format=%(refname)%00%(upstream:short)%00%(objectname)%00%(upstream:track)%00%(upstream:remotename)%00%(upstream:remoteref) refs/heads/main refs/remotes/main [1ms]
2026-08-14 06:16:25.009 [info] > git for-each-ref --sort -committerdate --format %(refname)%00%(objectname)%00%(*objectname) [1ms]
2026-08-14 06:16:25.023 [info] > git status -z -uall [19ms]
2026-08-14 06:16:30.037 [info] > git config --get commit.template [5ms]
2026-08-14 06:16:30.039 [info] > git for-each-ref --format=%(refname)%00%(upstream:short)%00%(objectname)%00%(upstream:track)%00%(upstream:remotename)%00%(upstream:remoteref) refs/heads/main refs/remotes/main [2ms]
2026-08-14 06:16:30.048 [info] > git for-each-ref --sort -committerdate --format %(refname)%00%(objectname)%00%(*objectname) [1ms]
2026-08-14 06:16:30.062 [info] > git status -z -uall [19ms]
2026-08-14 06:16:32.115 [info] > git merge-base HEAD @{upstream} [5ms]
2026-08-14 06:16:32.122 [info] > git config --get --local core.virtualfilesystem [1ms]
2026-08-14 06:16:32.122 [warning] [Git][config] git config failed: Failed to execute git
2026-08-14 06:16:32.136 [info] > git config --get --local core.sparsecheckout [8ms]
2026-08-14 06:16:32.136 [warning] [Git][config] git config failed: Failed to execute git
2026-08-14 06:16:32.178 [info] > git show -s --decorate=full --shortstat --format=%H%n%aN%n%aE%n%at%n%ct%n%P%n%D%n%B -z f586f5864ae727be8a36ded241d52f3fe673ba52 -- [35ms]
2026-08-14 06:16:32.186 [info] > git log --format=%H%n%aN%n%aE%n%at%n%ct%n%P%n%D%n%B -z f586f5864ae727be8a36ded241d52f3fe673ba52..HEAD [1ms]
2026-08-14 06:16:32.223 [info] > git diff --name-status -z --diff-filter=ADMR f586f5864ae727be8a36ded241d52f3fe673ba52 -- [31ms]
2026-08-14 06:16:35.079 [info] > git config --get commit.template [8ms]
2026-08-14 06:16:35.079 [info] > git for-each-ref --format=%(refname)%00%(upstream:short)%00%(objectname)%00%(upstream:track)%00%(upstream:remotename)%00%(upstream:remoteref) refs/heads/main refs/remotes/main [1ms]
2026-08-14 06:16:35.097 [info] > git for-each-ref --sort -committerdate --format %(refname)%00%(objectname)%00%(*objectname) [1ms]
2026-08-14 06:16:35.109 [info] > git status -z -uall [21ms]
2026-08-14 06:18:47.601 [info] > git config --get commit.template [6ms]
2026-08-14 06:18:47.602 [info] > git for-each-ref --format=%(refname)%00%(upstream:short)%00%(objectname)%00%(upstream:track)%00%(upstream:remotename)%00%(upstream:remoteref) refs/heads/main refs/remotes/main [1ms]
2026-08-14 06:18:47.614 [info] > git for-each-ref --sort -committerdate --format %(refname)%00%(objectname)%00%(*objectname) [1ms]
2026-08-14 06:18:47.627 [info] > git status -z -uall [19ms]
2026-08-14 06:37:52.488 [info] > git config --get commit.template [1ms]
2026-08-14 06:37:52.495 [info] > git for-each-ref --format=%(refname)%00%(upstream:short)%00%(objectname)%00%(upstream:track)%00%(upstream:remotename)%00%(upstream:remoteref) refs/heads/main refs/remotes/main [2ms]
2026-08-14 06:37:52.505 [info] > git for-each-ref --sort -committerdate --format %(refname)%00%(objectname)%00%(*objectname) [1ms]
2026-08-14 06:37:52.520 [info] > git status -z -uall [21ms]
2026-08-14 06:39:35.240 [info] > git config --get commit.template [17ms]
2026-08-14 06:39:35.241 [info] > git for-each-ref --format=%(refname)%00%(upstream:short)%00%(objectname)%00%(upstream:track)%00%(upstream:remotename)%00%(upstream:remoteref) refs/heads/main refs/remotes/main [2ms]
2026-08-14 06:39:35.272 [info] > git for-each-ref --sort -committerdate --format %(refname)%00%(objectname)%00%(*objectname) [2ms]
2026-08-14 06:39:35.291 [info] > git status -z -uall [35ms]
2026-08-14 06:39:40.306 [info] > git config --get commit.template [5ms]
2026-08-14 06:39:40.307 [info] > git for-each-ref --format=%(refname)%00%(upstream:short)%00%(objectname)%00%(upstream:track)%00%(upstream:remotename)%00%(upstream:remoteref) refs/heads/main refs/remotes/main [1ms]
2026-08-14 06:39:40.317 [info] > git for-each-ref --sort -committerdate --format %(refname)%00%(objectname)%00%(*objectname) [1ms]
2026-08-14 06:39:40.331 [info] > git status -z -uall [20ms]
2026-08-14 06:39:50.593 [info] > git config --get commit.template [5ms]
2026-08-14 06:39:50.594 [info] > git for-each-ref --format=%(refname)%00%(upstream:short)%00%(objectname)%00%(upstream:track)%00%(upstream:remotename)%00%(upstream:remoteref) refs/heads/main refs/remotes/main [1ms]
2026-08-14 06:39:50.604 [info] > git for-each-ref --sort -committerdate --format %(refname)%00%(objectname)%00%(*objectname) [0ms]
2026-08-14 06:39:50.618 [info] > git status -z -uall [20ms]
2026-08-14 06:40:02.370 [info] > git config --get commit.template [6ms]
2026-08-14 06:40:02.370 [info] > git for-each-ref --format=%(refname)%00%(upstream:short)%00%(objectname)%00%(upstream:track)%00%(upstream:remotename)%00%(upstream:remoteref) refs/heads/main refs/remotes/main [1ms]
2026-08-14 06:40:02.381 [info] > git for-each-ref --sort -committerdate --format %(refname)%00%(objectname)%00%(*objectname) [1ms]
2026-08-14 06:40:02.395 [info] > git status -z -uall [20ms]
2026-08-14 06:40:07.410 [info] > git config --get commit.template [5ms]
2026-08-14 06:40:07.410 [info] > git for-each-ref --format=%(refname)%00%(upstream:short)%00%(objectname)%00%(upstream:track)%00%(upstream:remotename)%00%(upstream:remoteref) refs/heads/main refs/remotes/main [1ms]
2026-08-14 06:40:07.420 [info] > git for-each-ref --sort -committerdate --format %(refname)%00%(objectname)%00%(*objectname) [1ms]
2026-08-14 06:40:07.436 [info] > git status -z -uall [22ms]
2026-08-14 06:40:48.245 [info] > git config --get commit.template [1ms]
2026-08-14 06:40:48.253 [info] > git for-each-ref --format=%(refname)%00%(upstream:short)%00%(objectname)%00%(upstream:track)%00%(upstream:remotename)%00%(upstream:remoteref) refs/heads/main refs/remotes/main [1ms]
2026-08-14 06:40:48.263 [info] > git for-each-ref --sort -committerdate --format %(refname)%00%(objectname)%00%(*objectname) [1ms]
2026-08-14 06:40:48.277 [info] > git status -z -uall [20ms]
2026-08-14 06:41:32.949 [info] > git config --get commit.template [7ms]
2026-08-14 06:41:32.949 [info] > git for-each-ref --format=%(refname)%00%(upstream:short)%00%(objectname)%00%(upstream:track)%00%(upstream:remotename)%00%(upstream:remoteref) refs/heads/main refs/remotes/main [1ms]
2026-08-14 06:41:32.960 [info] > git for-each-ref --sort -committerdate --format %(refname)%00%(objectname)%00%(*objectname) [1ms]
2026-08-14 06:41:32.974 [info] > git status -z -uall [20ms]
2026-08-14 06:41:45.825 [info] > git config --get commit.template [10ms]
2026-08-14 06:41:45.826 [info] > git for-each-ref --format=%(refname)%00%(upstream:short)%00%(objectname)%00%(upstream:track)%00%(upstream:remotename)%00%(upstream:remoteref) refs/heads/main refs/remotes/main [1ms]
2026-08-14 06:41:45.844 [info] > git for-each-ref --sort -committerdate --format %(refname)%00%(objectname)%00%(*objectname) [1ms]
2026-08-14 06:41:45.858 [info] > git status -z -uall [22ms]
2026-08-14 06:50:23.454 [info] > git config --get commit.template [7ms]
2026-08-14 06:50:23.455 [info] > git for-each-ref --format=%(refname)%00%(upstream:short)%00%(objectname)%00%(upstream:track)%00%(upstream:remotename)%00%(upstream:remoteref) refs/heads/main refs/remotes/main [1ms]
2026-08-14 06:50:23.465 [info] > git for-each-ref --sort -committerdate --format %(refname)%00%(objectname)%00%(*objectname) [1ms]
2026-08-14 06:50:23.478 [info] > git status -z -uall [19ms]
2026-08-14 06:50:39.269 [info] > git config --get commit.template [7ms]
2026-08-14 06:50:39.269 [info] > git for-each-ref --format=%(refname)%00%(upstream:short)%00%(objectname)%00%(upstream:track)%00%(upstream:remotename)%00%(upstream:remoteref) refs/heads/main refs/remotes/main [1ms]
2026-08-14 06:50:39.283 [info] > git for-each-ref --sort -committerdate --format %(refname)%00%(objectname)%00%(*objectname) [1ms]
2026-08-14 06:50:39.298 [info] > git status -z -uall [22ms]
2026-08-14 06:50:44.311 [info] > git config --get commit.template [5ms]
2026-08-14 06:50:44.311 [info] > git for-each-ref --format=%(refname)%00%(upstream:short)%00%(objectname)%00%(upstream:track)%00%(upstream:remotename)%00%(upstream:remoteref) refs/heads/main refs/remotes/main [1ms]
2026-08-14 06:50:44.321 [info] > git for-each-ref --sort -committerdate --format %(refname)%00%(objectname)%00%(*objectname) [1ms]
2026-08-14 06:50:44.336 [info] > git status -z -uall [21ms]
2026-08-14 06:50:51.649 [info] > git config --get commit.template [5ms]
2026-08-14 06:50:51.650 [info] > git for-each-ref --format=%(refname)%00%(upstream:short)%00%(objectname)%00%(upstream:track)%00%(upstream:remotename)%00%(upstream:remoteref) refs/heads/main refs/remotes/main [1ms]
2026-08-14 06:50:51.661 [info] > git for-each-ref --sort -committerdate --format %(refname)%00%(objectname)%00%(*objectname) [1ms]
2026-08-14 06:50:51.673 [info] > git status -z -uall [19ms]
2026-08-14 06:50:56.686 [info] > git config --get commit.template [5ms]
2026-08-14 06:50:56.686 [info] > git for-each-ref --format=%(refname)%00%(upstream:short)%00%(objectname)%00%(upstream:track)%00%(upstream:remotename)%00%(upstream:remoteref) refs/heads/main refs/remotes/main [1ms]
2026-08-14 06:50:56.695 [info] > git for-each-ref --sort -committerdate --format %(refname)%00%(objectname)%00%(*objectname) [1ms]
2026-08-14 06:50:56.709 [info] > git status -z -uall [19ms]
2026-08-14 06:51:01.722 [info] > git config --get commit.template [5ms]
2026-08-14 06:51:01.722 [info] > git for-each-ref --format=%(refname)%00%(upstream:short)%00%(objectname)%00%(upstream:track)%00%(upstream:remotename)%00%(upstream:remoteref) refs/heads/main refs/remotes/main [1ms]
2026-08-14 06:51:01.731 [info] > git for-each-ref --sort -committerdate --format %(refname)%00%(objectname)%00%(*objectname) [1ms]
2026-08-14 06:51:01.746 [info] > git status -z -uall [20ms]
2026-08-14 06:51:06.758 [info] > git config --get commit.template [4ms]
2026-08-14 06:51:06.759 [info] > git for-each-ref --format=%(refname)%00%(upstream:short)%00%(objectname)%00%(upstream:track)%00%(upstream:remotename)%00%(upstream:remoteref) refs/heads/main refs/remotes/main [1ms]
2026-08-14 06:51:06.768 [info] > git for-each-ref --sort -committerdate --format %(refname)%00%(objectname)%00%(*objectname) [1ms]
2026-08-14 06:51:06.784 [info] > git status -z -uall [21ms]
2026-08-14 06:51:08.638 [info] > git merge-base HEAD @{upstream} [4ms]
2026-08-14 06:51:08.645 [info] > git config --get --local core.virtualfilesystem [1ms]
2026-08-14 06:51:08.645 [warning] [Git][config] git config failed: Failed to execute git
2026-08-14 06:51:08.657 [info] > git config --get --local core.sparsecheckout [7ms]
2026-08-14 06:51:08.657 [warning] [Git][config] git config failed: Failed to execute git
2026-08-14 06:51:08.681 [info] > git show -s --decorate=full --shortstat --format=%H%n%aN%n%aE%n%at%n%ct%n%P%n%D%n%B -z f586f5864ae727be8a36ded241d52f3fe673ba52 -- [18ms]
2026-08-14 06:51:08.689 [info] > git log --format=%H%n%aN%n%aE%n%at%n%ct%n%P%n%D%n%B -z f586f5864ae727be8a36ded241d52f3fe673ba52..HEAD [1ms]
2026-08-14 06:51:08.729 [info] > git diff --name-status -z --diff-filter=ADMR f586f5864ae727be8a36ded241d52f3fe673ba52 -- [33ms]
2026-08-14 06:51:11.797 [info] > git config --get commit.template [6ms]
2026-08-14 06:51:11.797 [info] > git for-each-ref --format=%(refname)%00%(upstream:short)%00%(objectname)%00%(upstream:track)%00%(upstream:remotename)%00%(upstream:remoteref) refs/heads/main refs/remotes/main [1ms]
2026-08-14 06:51:11.809 [info] > git for-each-ref --sort -committerdate --format %(refname)%00%(objectname)%00%(*objectname) [1ms]
2026-08-14 06:51:11.823 [info] > git status -z -uall [19ms]
2026-08-14 06:51:16.838 [info] > git config --get commit.template [6ms]
2026-08-14 06:51:16.838 [info] > git for-each-ref --format=%(refname)%00%(upstream:short)%00%(objectname)%00%(upstream:track)%00%(upstream:remotename)%00%(upstream:remoteref) refs/heads/main refs/remotes/main [1ms]
2026-08-14 06:51:16.849 [info] > git for-each-ref --sort -committerdate --format %(refname)%00%(objectname)%00%(*objectname) [1ms]
2026-08-14 06:51:16.863 [info] > git status -z -uall [19ms]
2026-08-14 06:51:21.875 [info] > git config --get commit.template [5ms]
2026-08-14 06:51:21.875 [info] > git for-each-ref --format=%(refname)%00%(upstream:short)%00%(objectname)%00%(upstream:track)%00%(upstream:remotename)%00%(upstream:remoteref) refs/heads/main refs/remotes/main [1ms]
2026-08-14 06:51:21.884 [info] > git for-each-ref --sort -committerdate --format %(refname)%00%(objectname)%00%(*objectname) [1ms]
2026-08-14 06:51:21.900 [info] > git status -z -uall [21ms]
2026-08-14 06:51:26.912 [info] > git config --get commit.template [4ms]
2026-08-14 06:51:26.913 [info] > git for-each-ref --format=%(refname)%00%(upstream:short)%00%(objectname)%00%(upstream:track)%00%(upstream:remotename)%00%(upstream:remoteref) refs/heads/main refs/remotes/main [1ms]
2026-08-14 06:51:26.922 [info] > git for-each-ref --sort -committerdate --format %(refname)%00%(objectname)%00%(*objectname) [1ms]
2026-08-14 06:51:26.938 [info] > git status -z -uall [21ms]
2026-08-14 06:51:31.951 [info] > git config --get commit.template [5ms]
2026-08-14 06:51:31.952 [info] > git for-each-ref --format=%(refname)%00%(upstream:short)%00%(objectname)%00%(upstream:track)%00%(upstream:remotename)%00%(upstream:remoteref) refs/heads/main refs/remotes/main [1ms]
2026-08-14 06:51:31.963 [info] > git for-each-ref --sort -committerdate --format %(refname)%00%(objectname)%00%(*objectname) [1ms]
2026-08-14 06:51:31.976 [info] > git status -z -uall [19ms]
2026-08-14 06:51:40.796 [info] > git config --get commit.template [6ms]
2026-08-14 06:51:40.797 [info] > git for-each-ref --format=%(refname)%00%(upstream:short)%00%(objectname)%00%(upstream:track)%00%(upstream:remotename)%00%(upstream:remoteref) refs/heads/main refs/remotes/main [1ms]
2026-08-14 06:51:40.806 [info] > git for-each-ref --sort -committerdate --format %(refname)%00%(objectname)%00%(*objectname) [1ms]
2026-08-14 06:51:40.821 [info] > git status -z -uall [20ms]
2026-08-14 06:51:46.481 [info] > git config --get commit.template [5ms]
2026-08-14 06:51:46.481 [info] > git for-each-ref --format=%(refname)%00%(upstream:short)%00%(objectname)%00%(upstream:track)%00%(upstream:remotename)%00%(upstream:remoteref) refs/heads/main refs/remotes/main [1ms]
2026-08-14 06:51:46.491 [info] > git for-each-ref --sort -committerdate --format %(refname)%00%(objectname)%00%(*objectname) [1ms]
2026-08-14 06:51:46.505 [info] > git status -z -uall [19ms]
2026-08-14 06:51:51.517 [info] > git config --get commit.template [4ms]
2026-08-14 06:51:51.518 [info] > git for-each-ref --format=%(refname)%00%(upstream:short)%00%(objectname)%00%(upstream:track)%00%(upstream:remotename)%00%(upstream:remoteref) refs/heads/main refs/remotes/main [1ms]
2026-08-14 06:51:51.528 [info] > git for-each-ref --sort -committerdate --format %(refname)%00%(objectname)%00%(*objectname) [0ms]
2026-08-14 06:51:51.543 [info] > git status -z -uall [21ms]
2026-08-14 06:51:57.981 [info] > git config --get commit.template [4ms]
2026-08-14 06:51:57.982 [info] > git for-each-ref --format=%(refname)%00%(upstream:short)%00%(objectname)%00%(upstream:track)%00%(upstream:remotename)%00%(upstream:remoteref) refs/heads/main refs/remotes/main [1ms]
2026-08-14 06:51:57.993 [info] > git for-each-ref --sort -committerdate --format %(refname)%00%(objectname)%00%(*objectname) [1ms]
2026-08-14 06:51:58.007 [info] > git status -z -uall [20ms]
2026-08-14 06:52:03.018 [info] > git config --get commit.template [2ms]
2026-08-14 06:52:03.024 [info] > git for-each-ref --format=%(refname)%00%(upstream:short)%00%(objectname)%00%(upstream:track)%00%(upstream:remotename)%00%(upstream:remoteref) refs/heads/main refs/remotes/main [1ms]
2026-08-14 06:52:03.036 [info] > git for-each-ref --sort -committerdate --format %(refname)%00%(objectname)%00%(*objectname) [1ms]
2026-08-14 06:52:03.052 [info] > git status -z -uall [22ms]
2026-08-14 06:52:08.067 [info] > git config --get commit.template [6ms]
2026-08-14 06:52:08.068 [info] > git for-each-ref --format=%(refname)%00%(upstream:short)%00%(objectname)%00%(upstream:track)%00%(upstream:remotename)%00%(upstream:remoteref) refs/heads/main refs/remotes/main [1ms]
2026-08-14 06:52:08.077 [info] > git for-each-ref --sort -committerdate --format %(refname)%00%(objectname)%00%(*objectname) [1ms]
2026-08-14 06:52:08.094 [info] > git status -z -uall [22ms]
2026-08-14 06:52:13.109 [info] > git config --get commit.template [6ms]
2026-08-14 06:52:13.109 [info] > git for-each-ref --format=%(refname)%00%(upstream:short)%00%(objectname)%00%(upstream:track)%00%(upstream:remotename)%00%(upstream:remoteref) refs/heads/main refs/remotes/main [1ms]
2026-08-14 06:52:13.119 [info] > git for-each-ref --sort -committerdate --format %(refname)%00%(objectname)%00%(*objectname) [1ms]
2026-08-14 06:52:13.135 [info] > git status -z -uall [21ms]
2026-08-14 06:52:18.150 [info] > git config --get commit.template [6ms]
2026-08-14 06:52:18.150 [info] > git for-each-ref --format=%(refname)%00%(upstream:short)%00%(objectname)%00%(upstream:track)%00%(upstream:remotename)%00%(upstream:remoteref) refs/heads/main refs/remotes/main [1ms]
2026-08-14 06:52:18.159 [info] > git for-each-ref --sort -committerdate --format %(refname)%00%(objectname)%00%(*objectname) [1ms]
2026-08-14 06:52:18.176 [info] > git status -z -uall [22ms]
2026-08-14 06:52:23.190 [info] > git config --get commit.template [5ms]
2026-08-14 06:52:23.190 [info] > git for-each-ref --format=%(refname)%00%(upstream:short)%00%(objectname)%00%(upstream:track)%00%(upstream:remotename)%00%(upstream:remoteref) refs/heads/main refs/remotes/main [1ms]
2026-08-14 06:52:23.200 [info] > git for-each-ref --sort -committerdate --format %(refname)%00%(objectname)%00%(*objectname) [1ms]
2026-08-14 06:52:23.218 [info] > git status -z -uall [23ms]
2026-08-14 06:52:28.233 [info] > git config --get commit.template [5ms]
2026-08-14 06:52:28.234 [info] > git for-each-ref --format=%(refname)%00%(upstream:short)%00%(objectname)%00%(upstream:track)%00%(upstream:remotename)%00%(upstream:remoteref) refs/heads/main refs/remotes/main [1ms]
2026-08-14 06:52:28.242 [info] > git for-each-ref --sort -committerdate --format %(refname)%00%(objectname)%00%(*objectname) [0ms]
2026-08-14 06:52:28.260 [info] > git status -z -uall [22ms]
2026-08-14 06:52:33.274 [info] > git config --get commit.template [6ms]
2026-08-14 06:52:33.275 [info] > git for-each-ref --format=%(refname)%00%(upstream:short)%00%(objectname)%00%(upstream:track)%00%(upstream:remotename)%00%(upstream:remoteref) refs/heads/main refs/remotes/main [1ms]
2026-08-14 06:52:33.285 [info] > git for-each-ref --sort -committerdate --format %(refname)%00%(objectname)%00%(*objectname) [1ms]
2026-08-14 06:52:33.301 [info] > git status -z -uall [22ms]
2026-08-14 06:52:38.315 [info] > git config --get commit.template [6ms]
2026-08-14 06:52:38.315 [info] > git for-each-ref --format=%(refname)%00%(upstream:short)%00%(objectname)%00%(upstream:track)%00%(upstream:remotename)%00%(upstream:remoteref) refs/heads/main refs/remotes/main [1ms]
2026-08-14 06:52:38.324 [info] > git for-each-ref --sort -committerdate --format %(refname)%00%(objectname)%00%(*objectname) [1ms]
2026-08-14 06:52:38.341 [info] > git status -z -uall [22ms]
2026-08-14 06:52:43.357 [info] > git config --get commit.template [7ms]
2026-08-14 06:52:43.358 [info] > git for-each-ref --format=%(refname)%00%(upstream:short)%00%(objectname)%00%(upstream:track)%00%(upstream:remotename)%00%(upstream:remoteref) refs/heads/main refs/remotes/main [1ms]
2026-08-14 06:52:43.368 [info] > git for-each-ref --sort -committerdate --format %(refname)%00%(objectname)%00%(*objectname) [2ms]
2026-08-14 06:52:43.385 [info] > git status -z -uall [23ms]
2026-08-14 06:52:48.399 [info] > git config --get commit.template [5ms]
2026-08-14 06:52:48.400 [info] > git for-each-ref --format=%(refname)%00%(upstream:short)%00%(objectname)%00%(upstream:track)%00%(upstream:remotename)%00%(upstream:remoteref) refs/heads/main refs/remotes/main [1ms]
2026-08-14 06:52:48.410 [info] > git for-each-ref --sort -committerdate --format %(refname)%00%(objectname)%00%(*objectname) [1ms]
2026-08-14 06:52:48.427 [info] > git status -z -uall [22ms]
2026-08-14 06:52:53.439 [info] > git config --get commit.template [5ms]
2026-08-14 06:52:53.440 [info] > git for-each-ref --format=%(refname)%00%(upstream:short)%00%(objectname)%00%(upstream:track)%00%(upstream:remotename)%00%(upstream:remoteref) refs/heads/main refs/remotes/main [1ms]
2026-08-14 06:52:53.448 [info] > git for-each-ref --sort -committerdate --format %(refname)%00%(objectname)%00%(*objectname) [1ms]
2026-08-14 06:52:53.465 [info] > git status -z -uall [21ms]
2026-08-14 06:52:58.554 [info] > git config --get commit.template [5ms]
2026-08-14 06:52:58.554 [info] > git for-each-ref --format=%(refname)%00%(upstream:short)%00%(objectname)%00%(upstream:track)%00%(upstream:remotename)%00%(upstream:remoteref) refs/heads/main refs/remotes/main [1ms]
2026-08-14 06:52:58.563 [info] > git for-each-ref --sort -committerdate --format %(refname)%00%(objectname)%00%(*objectname) [1ms]
2026-08-14 06:52:58.580 [info] > git status -z -uall [22ms]
2026-08-14 06:53:09.438 [info] > git config --get commit.template [5ms]
2026-08-14 06:53:09.439 [info] > git for-each-ref --format=%(refname)%00%(upstream:short)%00%(objectname)%00%(upstream:track)%00%(upstream:remotename)%00%(upstream:remoteref) refs/heads/main refs/remotes/main [1ms]
2026-08-14 06:53:09.448 [info] > git for-each-ref --sort -committerdate --format %(refname)%00%(objectname)%00%(*objectname) [1ms]
2026-08-14 06:53:09.464 [info] > git status -z -uall [21ms]
2026-08-14 06:53:14.478 [info] > git config --get commit.template [5ms]
2026-08-14 06:53:14.479 [info] > git for-each-ref --format=%(refname)%00%(upstream:short)%00%(objectname)%00%(upstream:track)%00%(upstream:remotename)%00%(upstream:remoteref) refs/heads/main refs/remotes/main [1ms]
2026-08-14 06:53:14.489 [info] > git for-each-ref --sort -committerdate --format %(refname)%00%(objectname)%00%(*objectname) [1ms]
2026-08-14 06:53:14.506 [info] > git status -z -uall [23ms]
2026-08-14 06:53:19.519 [info] > git config --get commit.template [5ms]
2026-08-14 06:53:19.519 [info] > git for-each-ref --format=%(refname)%00%(upstream:short)%00%(objectname)%00%(upstream:track)%00%(upstream:remotename)%00%(upstream:remoteref) refs/heads/main refs/remotes/main [1ms]
2026-08-14 06:53:19.529 [info] > git for-each-ref --sort -committerdate --format %(refname)%00%(objectname)%00%(*objectname) [1ms]
2026-08-14 06:53:19.548 [info] > git status -z -uall [24ms]
2026-08-14 06:53:24.563 [info] > git config --get commit.template [6ms]
2026-08-14 06:53:24.564 [info] > git for-each-ref --format=%(refname)%00%(upstream:short)%00%(objectname)%00%(upstream:track)%00%(upstream:remotename)%00%(upstream:remoteref) refs/heads/main refs/remotes/main [1ms]
2026-08-14 06:53:24.575 [info] > git for-each-ref --sort -committerdate --format %(refname)%00%(objectname)%00%(*objectname) [1ms]
2026-08-14 06:53:24.591 [info] > git status -z -uall [22ms]
2026-08-14 06:53:29.604 [info] > git config --get commit.template [5ms]
2026-08-14 06:53:29.605 [info] > git for-each-ref --format=%(refname)%00%(upstream:short)%00%(objectname)%00%(upstream:track)%00%(upstream:remotename)%00%(upstream:remoteref) refs/heads/main refs/remotes/main [1ms]
2026-08-14 06:53:29.613 [info] > git for-each-ref --sort -committerdate --format %(refname)%00%(objectname)%00%(*objectname) [0ms]
2026-08-14 06:53:29.630 [info] > git status -z -uall [21ms]
2026-08-14 06:53:34.249 [info] > git merge-base HEAD @{upstream} [2ms]
2026-08-14 06:53:34.279 [info] > git config --get --local core.virtualfilesystem [25ms]
2026-08-14 06:53:34.279 [warning] [Git][config] git config failed: Failed to execute git
2026-08-14 06:53:34.287 [info] > git config --get --local core.sparsecheckout [1ms]
2026-08-14 06:53:34.287 [warning] [Git][config] git config failed: Failed to execute git
2026-08-14 06:53:34.310 [info] > git show -s --decorate=full --shortstat --format=%H%n%aN%n%aE%n%at%n%ct%n%P%n%D%n%B -z f586f5864ae727be8a36ded241d52f3fe673ba52 -- [19ms]
2026-08-14 06:53:34.317 [info] > git log --format=%H%n%aN%n%aE%n%at%n%ct%n%P%n%D%n%B -z f586f5864ae727be8a36ded241d52f3fe673ba52..HEAD [1ms]
2026-08-14 06:53:34.356 [info] > git diff --name-status -z --diff-filter=ADMR f586f5864ae727be8a36ded241d52f3fe673ba52 -- [34ms]
2026-08-14 06:53:34.646 [info] > git config --get commit.template [7ms]
2026-08-14 06:53:34.646 [info] > git for-each-ref --format=%(refname)%00%(upstream:short)%00%(objectname)%00%(upstream:track)%00%(upstream:remotename)%00%(upstream:remoteref) refs/heads/main refs/remotes/main [1ms]
2026-08-14 06:53:34.659 [info] > git for-each-ref --sort -committerdate --format %(refname)%00%(objectname)%00%(*objectname) [1ms]
2026-08-14 06:53:34.674 [info] > git status -z -uall [22ms]
2026-08-14 06:53:39.688 [info] > git config --get commit.template [6ms]
2026-08-14 06:53:39.689 [info] > git for-each-ref --format=%(refname)%00%(upstream:short)%00%(objectname)%00%(upstream:track)%00%(upstream:remotename)%00%(upstream:remoteref) refs/heads/main refs/remotes/main [1ms]
2026-08-14 06:53:39.700 [info] > git for-each-ref --sort -committerdate --format %(refname)%00%(objectname)%00%(*objectname) [1ms]
2026-08-14 06:53:39.714 [info] > git status -z -uall [20ms]
2026-08-14 06:53:44.723 [info] > git config --get commit.template [1ms]
2026-08-14 06:53:44.745 [info] > git for-each-ref --format=%(refname)%00%(upstream:short)%00%(objectname)%00%(upstream:track)%00%(upstream:remotename)%00%(upstream:remoteref) refs/heads/main refs/remotes/main [18ms]
2026-08-14 06:53:44.758 [info] > git for-each-ref --sort -committerdate --format %(refname)%00%(objectname)%00%(*objectname) [1ms]
2026-08-14 06:53:44.772 [info] > git status -z -uall [20ms]
2026-08-14 06:53:49.786 [info] > git config --get commit.template [6ms]
2026-08-14 06:53:49.787 [info] > git for-each-ref --format=%(refname)%00%(upstream:short)%00%(objectname)%00%(upstream:track)%00%(upstream:remotename)%00%(upstream:remoteref) refs/heads/main refs/remotes/main [2ms]
2026-08-14 06:53:49.797 [info] > git for-each-ref --sort -committerdate --format %(refname)%00%(objectname)%00%(*objectname) [1ms]
2026-08-14 06:53:49.812 [info] > git status -z -uall [21ms]
2026-08-14 06:53:54.825 [info] > git config --get commit.template [4ms]
2026-08-14 06:53:54.826 [info] > git for-each-ref --format=%(refname)%00%(upstream:short)%00%(objectname)%00%(upstream:track)%00%(upstream:remotename)%00%(upstream:remoteref) refs/heads/main refs/remotes/main [1ms]
2026-08-14 06:53:54.835 [info] > git for-each-ref --sort -committerdate --format %(refname)%00%(objectname)%00%(*objectname) [1ms]
2026-08-14 06:53:54.849 [info] > git status -z -uall [19ms]
2026-08-14 06:53:59.863 [info] > git config --get commit.template [5ms]
2026-08-14 06:53:59.863 [info] > git for-each-ref --format=%(refname)%00%(upstream:short)%00%(objectname)%00%(upstream:track)%00%(upstream:remotename)%00%(upstream:remoteref) refs/heads/main refs/remotes/main [1ms]
2026-08-14 06:53:59.872 [info] > git for-each-ref --sort -committerdate --format %(refname)%00%(objectname)%00%(*objectname) [1ms]
2026-08-14 06:53:59.888 [info] > git status -z -uall [21ms]
2026-08-14 06:54:09.866 [info] > git config --get commit.template [5ms]
2026-08-14 06:54:09.867 [info] > git for-each-ref --format=%(refname)%00%(upstream:short)%00%(objectname)%00%(upstream:track)%00%(upstream:remotename)%00%(upstream:remoteref) refs/heads/main refs/remotes/main [1ms]
2026-08-14 06:54:09.877 [info] > git for-each-ref --sort -committerdate --format %(refname)%00%(objectname)%00%(*objectname) [1ms]
2026-08-14 06:54:09.891 [info] > git status -z -uall [20ms]
2026-08-14 06:54:14.904 [info] > git config --get commit.template [5ms]
2026-08-14 06:54:14.905 [info] > git for-each-ref --format=%(refname)%00%(upstream:short)%00%(objectname)%00%(upstream:track)%00%(upstream:remotename)%00%(upstream:remoteref) refs/heads/main refs/remotes/main [1ms]
2026-08-14 06:54:14.914 [info] > git for-each-ref --sort -committerdate --format %(refname)%00%(objectname)%00%(*objectname) [0ms]
2026-08-14 06:54:14.928 [info] > git status -z -uall [20ms]
2026-08-14 06:54:19.941 [info] > git config --get commit.template [5ms]
2026-08-14 06:54:19.942 [info] > git for-each-ref --format=%(refname)%00%(upstream:short)%00%(objectname)%00%(upstream:track)%00%(upstream:remotename)%00%(upstream:remoteref) refs/heads/main refs/remotes/main [1ms]
2026-08-14 06:54:19.951 [info] > git for-each-ref --sort -committerdate --format %(refname)%00%(objectname)%00%(*objectname) [1ms]
2026-08-14 06:54:19.967 [info] > git status -z -uall [21ms]
2026-08-14 06:54:29.580 [info] > git config --get commit.template [4ms]
2026-08-14 06:54:29.581 [info] > git for-each-ref --format=%(refname)%00%(upstream:short)%00%(objectname)%00%(upstream:track)%00%(upstream:remotename)%00%(upstream:remoteref) refs/heads/main refs/remotes/main [1ms]
2026-08-14 06:54:29.590 [info] > git for-each-ref --sort -committerdate --format %(refname)%00%(objectname)%00%(*objectname) [1ms]
2026-08-14 06:54:29.606 [info] > git status -z -uall [21ms]
2026-08-14 06:54:34.618 [info] > git config --get commit.template [4ms]
2026-08-14 06:54:34.619 [info] > git for-each-ref --format=%(refname)%00%(upstream:short)%00%(objectname)%00%(upstream:track)%00%(upstream:remotename)%00%(upstream:remoteref) refs/heads/main refs/remotes/main [1ms]
2026-08-14 06:54:34.628 [info] > git for-each-ref --sort -committerdate --format %(refname)%00%(objectname)%00%(*objectname) [1ms]
2026-08-14 06:54:34.645 [info] > git status -z -uall [22ms]
2026-08-14 06:54:39.656 [info] > git config --get commit.template [4ms]
2026-08-14 06:54:39.657 [info] > git for-each-ref --format=%(refname)%00%(upstream:short)%00%(objectname)%00%(upstream:track)%00%(upstream:remotename)%00%(upstream:remoteref) refs/heads/main refs/remotes/main [1ms]
2026-08-14 06:54:39.666 [info] > git for-each-ref --sort -committerdate --format %(refname)%00%(objectname)%00%(*objectname) [1ms]
2026-08-14 06:54:39.681 [info] > git status -z -uall [20ms]
2026-08-14 06:54:44.694 [info] > git config --get commit.template [5ms]
2026-08-14 06:54:44.694 [info] > git for-each-ref --format=%(refname)%00%(upstream:short)%00%(objectname)%00%(upstream:track)%00%(upstream:remotename)%00%(upstream:remoteref) refs/heads/main refs/remotes/main [1ms]
2026-08-14 06:54:44.704 [info] > git for-each-ref --sort -committerdate --format %(refname)%00%(objectname)%00%(*objectname) [1ms]
2026-08-14 06:54:44.718 [info] > git status -z -uall [20ms]
2026-08-14 06:54:56.867 [info] > git config --get commit.template [5ms]
2026-08-14 06:54:56.867 [info] > git for-each-ref --format=%(refname)%00%(upstream:short)%00%(objectname)%00%(upstream:track)%00%(upstream:remotename)%00%(upstream:remoteref) refs/heads/main refs/remotes/main [1ms]
2026-08-14 06:54:56.877 [info] > git for-each-ref --sort -committerdate --format %(refname)%00%(objectname)%00%(*objectname) [1ms]
2026-08-14 06:54:56.892 [info] > git status -z -uall [21ms]
2026-08-14 07:01:56.808 [info] > git config --get commit.template [10ms]
2026-08-14 07:01:56.952 [info] > git for-each-ref --format=%(refname)%00%(upstream:short)%00%(objectname)%00%(upstream:track)%00%(upstream:remotename)%00%(upstream:remoteref) refs/heads/main refs/remotes/main [147ms]
2026-08-14 07:01:57.687 [info] > git status -z -uall [67ms]
2026-08-14 07:01:57.687 [info] > git for-each-ref --sort -committerdate --format %(refname)%00%(objectname)%00%(*objectname) [56ms]
2026-08-14 07:02:06.630 [info] > git config --get commit.template [16ms]
2026-08-14 07:02:06.650 [info] > git for-each-ref --format=%(refname)%00%(upstream:short)%00%(objectname)%00%(upstream:track)%00%(upstream:remotename)%00%(upstream:remoteref) refs/heads/main refs/remotes/main [2ms]
2026-08-14 07:02:06.662 [info] > git for-each-ref --sort -committerdate --format %(refname)%00%(objectname)%00%(*objectname) [1ms]
2026-08-14 07:02:06.696 [info] > git status -z -uall [41ms]
2026-08-14 07:03:41.991 [info] > git config --get commit.template [6ms]
2026-08-14 07:03:41.992 [info] > git for-each-ref --format=%(refname)%00%(upstream:short)%00%(objectname)%00%(upstream:track)%00%(upstream:remotename)%00%(upstream:remoteref) refs/heads/main refs/remotes/main [1ms]
2026-08-14 07:03:42.001 [info] > git for-each-ref --sort -committerdate --format %(refname)%00%(objectname)%00%(*objectname) [1ms]
2026-08-14 07:03:42.017 [info] > git status -z -uall [21ms]
2026-08-14 07:03:47.032 [info] > git config --get commit.template [5ms]
2026-08-14 07:03:47.033 [info] > git for-each-ref --format=%(refname)%00%(upstream:short)%00%(objectname)%00%(upstream:track)%00%(upstream:remotename)%00%(upstream:remoteref) refs/heads/main refs/remotes/main [1ms]
2026-08-14 07:03:47.042 [info] > git for-each-ref --sort -committerdate --format %(refname)%00%(objectname)%00%(*objectname) [1ms]
2026-08-14 07:03:47.056 [info] > git status -z -uall [19ms]
2026-08-14 07:03:52.070 [info] > git config --get commit.template [5ms]
2026-08-14 07:03:52.071 [info] > git for-each-ref --format=%(refname)%00%(upstream:short)%00%(objectname)%00%(upstream:track)%00%(upstream:remotename)%00%(upstream:remoteref) refs/heads/main refs/remotes/main [1ms]
2026-08-14 07:03:52.080 [info] > git for-each-ref --sort -committerdate --format %(refname)%00%(objectname)%00%(*objectname) [1ms]
2026-08-14 07:03:52.096 [info] > git status -z -uall [21ms]
2026-08-14 07:03:57.110 [info] > git config --get commit.template [5ms]
2026-08-14 07:03:57.111 [info] > git for-each-ref --format=%(refname)%00%(upstream:short)%00%(objectname)%00%(upstream:track)%00%(upstream:remotename)%00%(upstream:remoteref) refs/heads/main refs/remotes/main [1ms]
2026-08-14 07:03:57.120 [info] > git for-each-ref --sort -committerdate --format %(refname)%00%(objectname)%00%(*objectname) [1ms]
2026-08-14 07:03:57.135 [info] > git status -z -uall [20ms]
2026-08-14 07:04:02.149 [info] > git config --get commit.template [5ms]
2026-08-14 07:04:02.150 [info] > git for-each-ref --format=%(refname)%00%(upstream:short)%00%(objectname)%00%(upstream:track)%00%(upstream:remotename)%00%(upstream:remoteref) refs/heads/main refs/remotes/main [1ms]
2026-08-14 07:04:02.159 [info] > git for-each-ref --sort -committerdate --format %(refname)%00%(objectname)%00%(*objectname) [1ms]
2026-08-14 07:04:02.174 [info] > git status -z -uall [20ms]
2026-08-14 07:04:07.189 [info] > git config --get commit.template [6ms]
2026-08-14 07:04:07.189 [info] > git for-each-ref --format=%(refname)%00%(upstream:short)%00%(objectname)%00%(upstream:track)%00%(upstream:remotename)%00%(upstream:remoteref) refs/heads/main refs/remotes/main [1ms]
2026-08-14 07:04:07.198 [info] > git for-each-ref --sort -committerdate --format %(refname)%00%(objectname)%00%(*objectname) [1ms]
2026-08-14 07:04:07.213 [info] > git status -z -uall [19ms]
2026-08-14 07:04:12.226 [info] > git config --get commit.template [5ms]
2026-08-14 07:04:12.227 [info] > git for-each-ref --format=%(refname)%00%(upstream:short)%00%(objectname)%00%(upstream:track)%00%(upstream:remotename)%00%(upstream:remoteref) refs/heads/main refs/remotes/main [1ms]
2026-08-14 07:04:12.236 [info] > git for-each-ref --sort -committerdate --format %(refname)%00%(objectname)%00%(*objectname) [1ms]
2026-08-14 07:04:12.250 [info] > git status -z -uall [19ms]
2026-08-14 07:04:15.855 [info] > git merge-base HEAD @{upstream} [6ms]
2026-08-14 07:04:15.863 [info] > git config --get --local core.virtualfilesystem [1ms]
2026-08-14 07:04:15.863 [warning] [Git][config] git config failed: Failed to execute git
2026-08-14 07:04:15.869 [info] > git config --get --local core.sparsecheckout [1ms]
2026-08-14 07:04:15.869 [warning] [Git][config] git config failed: Failed to execute git
2026-08-14 07:04:16.013 [info] > git show -s --decorate=full --shortstat --format=%H%n%aN%n%aE%n%at%n%ct%n%P%n%D%n%B -z f586f5864ae727be8a36ded241d52f3fe673ba52 -- [139ms]
2026-08-14 07:04:16.021 [info] > git log --format=%H%n%aN%n%aE%n%at%n%ct%n%P%n%D%n%B -z f586f5864ae727be8a36ded241d52f3fe673ba52..HEAD [2ms]
2026-08-14 07:04:16.062 [info] > git diff --name-status -z --diff-filter=ADMR f586f5864ae727be8a36ded241d52f3fe673ba52 -- [35ms]
2026-08-14 07:04:17.264 [info] > git config --get commit.template [6ms]
2026-08-14 07:04:17.265 [info] > git for-each-ref --format=%(refname)%00%(upstream:short)%00%(objectname)%00%(upstream:track)%00%(upstream:remotename)%00%(upstream:remoteref) refs/heads/main refs/remotes/main [1ms]
2026-08-14 07:04:17.277 [info] > git for-each-ref --sort -committerdate --format %(refname)%00%(objectname)%00%(*objectname) [1ms]
2026-08-14 07:04:17.292 [info] > git status -z -uall [21ms]
2026-08-14 07:04:20.874 [info] > git check-ignore -v -z --stdin [1ms]
2026-08-14 07:04:22.307 [info] > git config --get commit.template [7ms]
2026-08-14 07:04:22.308 [info] > git for-each-ref --format=%(refname)%00%(upstream:short)%00%(objectname)%00%(upstream:track)%00%(upstream:remotename)%00%(upstream:remoteref) refs/heads/main refs/remotes/main [1ms]
2026-08-14 07:04:22.319 [info] > git for-each-ref --sort -committerdate --format %(refname)%00%(objectname)%00%(*objectname) [1ms]
2026-08-14 07:04:22.333 [info] > git status -z -uall [20ms]
2026-08-14 07:04:27.350 [info] > git config --get commit.template [7ms]
2026-08-14 07:04:27.350 [info] > git for-each-ref --format=%(refname)%00%(upstream:short)%00%(objectname)%00%(upstream:track)%00%(upstream:remotename)%00%(upstream:remoteref) refs/heads/main refs/remotes/main [1ms]
2026-08-14 07:04:27.361 [info] > git for-each-ref --sort -committerdate --format %(refname)%00%(objectname)%00%(*objectname) [1ms]
2026-08-14 07:04:27.374 [info] > git status -z -uall [19ms]
2026-08-14 07:04:28.127 [info] > git log --format=%H%n%aN%n%aE%n%at%n%ct%n%P%n%D%n%B -z --shortstat --diff-merges=first-parent -n50 --skip=0 --topo-order --decorate=full --stdin [7806ms]
2026-08-14 07:04:28.492 [info] > git merge-base main origin/main [1ms]
2026-08-14 07:04:32.389 [info] > git config --get commit.template [6ms]
2026-08-14 07:04:32.390 [info] > git for-each-ref --format=%(refname)%00%(upstream:short)%00%(objectname)%00%(upstream:track)%00%(upstream:remotename)%00%(upstream:remoteref) refs/heads/main refs/remotes/main [1ms]
2026-08-14 07:04:32.401 [info] > git for-each-ref --sort -committerdate --format %(refname)%00%(objectname)%00%(*objectname) [1ms]
2026-08-14 07:04:32.415 [info] > git status -z -uall [20ms]
2026-08-14 07:04:37.430 [info] > git config --get commit.template [6ms]
2026-08-14 07:04:37.431 [info] > git for-each-ref --format=%(refname)%00%(upstream:short)%00%(objectname)%00%(upstream:track)%00%(upstream:remotename)%00%(upstream:remoteref) refs/heads/main refs/remotes/main [1ms]
2026-08-14 07:04:37.457 [info] > git status -z -uall [22ms]
2026-08-14 07:04:37.457 [info] > git for-each-ref --sort -committerdate --format %(refname)%00%(objectname)%00%(*objectname) [17ms]
2026-08-14 07:04:42.484 [info] > git config --get commit.template [7ms]
2026-08-14 07:04:42.484 [info] > git for-each-ref --format=%(refname)%00%(upstream:short)%00%(objectname)%00%(upstream:track)%00%(upstream:remotename)%00%(upstream:remoteref) refs/heads/main refs/remotes/main [1ms]
2026-08-14 07:04:42.499 [info] > git for-each-ref --sort -committerdate --format %(refname)%00%(objectname)%00%(*objectname) [1ms]
2026-08-14 07:04:42.514 [info] > git status -z -uall [23ms]
2026-08-14 07:04:47.529 [info] > git config --get commit.template [6ms]
2026-08-14 07:04:47.530 [info] > git for-each-ref --format=%(refname)%00%(upstream:short)%00%(objectname)%00%(upstream:track)%00%(upstream:remotename)%00%(upstream:remoteref) refs/heads/main refs/remotes/main [1ms]
2026-08-14 07:04:47.539 [info] > git for-each-ref --sort -committerdate --format %(refname)%00%(objectname)%00%(*objectname) [1ms]
2026-08-14 07:04:47.553 [info] > git status -z -uall [19ms]
2026-08-14 07:04:48.150 [info] > git config --get commit.template [5ms]
2026-08-14 07:04:48.151 [info] > git for-each-ref --format=%(refname)%00%(upstream:short)%00%(objectname)%00%(upstream:track)%00%(upstream:remotename)%00%(upstream:remoteref) refs/heads/main refs/remotes/main [1ms]
2026-08-14 07:04:48.161 [info] > git for-each-ref --sort -committerdate --format %(refname)%00%(objectname)%00%(*objectname) [1ms]
2026-08-14 07:04:48.176 [info] > git status -z -uall [20ms]
