[2026-08-14 04:31:01.843] [info]  Hardware survey for general system resources through 'vulkan' took 104.51ms
[2026-08-14 04:31:02.154] [info]  App starting...
[2026-08-14 04:31:02.155] [info]  [AppUpdater] Feed base: https://updates.lmstudio.ai, channel: stable
[2026-08-14 04:31:02.155] [info]  [AppUpdater] Checking for updates... (current state: idle)
[2026-08-14 04:31:02.156] [info]  AppUpdater state changed to checking-for-updates-periodic
[2026-08-14 04:31:02.156] [info]  [AppUpdater] Fetching version info from https://versions-prod.lmstudio.ai/update/linux/x86/0.4.20
[2026-08-14 04:31:02.294] [info]  [AppUpdater] Received version info response
[2026-08-14 04:31:02.294] [info]  [AppUpdater] Current version: 0.4.20 (build: 1), new version: 0.4.21 (build: 2)
[2026-08-14 04:31:02.294] [info]  Update available: 0.4.21 > 0.4.20
[2026-08-14 04:31:02.294] [info]  AppUpdater state changed to update-available
[2026-08-14 04:32:19.246] [error] [LMSInternal][LMSAuthenticator][Client=LM Studio][Endpoint=artifactDownloadResolutionSelectedDownloadOptionIndex] Error in writable signal handler: Error: Artifact download resolution task not found: fU/mc0dFaKT2y2+pFLABJwB5
    at _0x3caae3.getArtifactDownloadResolutionSelectedDownloadOptionIndexWritableSignal (/opt/LM-Studio/resources/app/.webpack/main/index.js:821:8038)
    at _0x215b9e.MultiplexedArtifactResolutionProvider.getArtifactDownloadResolutionSelectedDownloadOptionIndexWritableSignal (/opt/LM-Studio/resources/app/.webpack/main/index.js:369:36292)
    at Object.handler (/opt/LM-Studio/resources/app/.webpack/main/index.js:641:126933)
    at /opt/LM-Studio/resources/app/.webpack/main/index.js:1672:236
[2026-08-14 04:32:25.814] [error] [LMSInternal][LMSAuthenticator][Client=LM Studio][Endpoint=artifactDownloadResolutionSelectedDownloadOptionIndex] Error in writable signal handler: Error: Artifact download resolution task not found: HPv4dwDucXNBQ6BGr/xsoMjr
    at _0x3caae3.getArtifactDownloadResolutionSelectedDownloadOptionIndexWritableSignal (/opt/LM-Studio/resources/app/.webpack/main/index.js:821:8038)
    at _0x215b9e.MultiplexedArtifactResolutionProvider.getArtifactDownloadResolutionSelectedDownloadOptionIndexWritableSignal (/opt/LM-Studio/resources/app/.webpack/main/index.js:369:36292)
    at Object.handler (/opt/LM-Studio/resources/app/.webpack/main/index.js:641:126933)
    at /opt/LM-Studio/resources/app/.webpack/main/index.js:1672:236
[2026-08-14 04:32:26.524] [error] [LMSInternal][LMSAuthenticator][Client=LM Studio][Endpoint=artifactDownloadResolutionSelectedDownloadOptionIndex] Error in writable signal handler: Error: Artifact download resolution task not found: 8iptH6n3Op0st8qrueG+lm0O
    at _0x3caae3.getArtifactDownloadResolutionSelectedDownloadOptionIndexWritableSignal (/opt/LM-Studio/resources/app/.webpack/main/index.js:821:8038)
    at _0x215b9e.MultiplexedArtifactResolutionProvider.getArtifactDownloadResolutionSelectedDownloadOptionIndexWritableSignal (/opt/LM-Studio/resources/app/.webpack/main/index.js:369:36292)
    at Object.handler (/opt/LM-Studio/resources/app/.webpack/main/index.js:641:126933)
    at /opt/LM-Studio/resources/app/.webpack/main/index.js:1672:236
[2026-08-14 04:32:40.822] [error] [LMSInternal][LMSAuthenticator][Client=LM Studio][Endpoint=artifactDownloadResolutionSelectedDownloadOptionIndex] Error in writable signal handler: Error: Artifact download resolution task not found: 6PjfRHQTfcZ6+KMofKdBEQEY
    at _0x3caae3.getArtifactDownloadResolutionSelectedDownloadOptionIndexWritableSignal (/opt/LM-Studio/resources/app/.webpack/main/index.js:821:8038)
    at _0x215b9e.MultiplexedArtifactResolutionProvider.getArtifactDownloadResolutionSelectedDownloadOptionIndexWritableSignal (/opt/LM-Studio/resources/app/.webpack/main/index.js:369:36292)
    at Object.handler (/opt/LM-Studio/resources/app/.webpack/main/index.js:641:126933)
    at /opt/LM-Studio/resources/app/.webpack/main/index.js:1672:236
[2026-08-14 04:32:45.475] [error] [LMSInternal][LMSAuthenticator][Client=LM Studio][Endpoint=artifactDownloadResolutionSelectedDownloadOptionIndex] Error in writable signal handler: Error: Artifact download resolution task not found: qA2WNSVUAVLMsHOIvTdJDGEL
    at _0x3caae3.getArtifactDownloadResolutionSelectedDownloadOptionIndexWritableSignal (/opt/LM-Studio/resources/app/.webpack/main/index.js:821:8038)
    at _0x215b9e.MultiplexedArtifactResolutionProvider.getArtifactDownloadResolutionSelectedDownloadOptionIndexWritableSignal (/opt/LM-Studio/resources/app/.webpack/main/index.js:369:36292)
    at Object.handler (/opt/LM-Studio/resources/app/.webpack/main/index.js:641:126933)
    at /opt/LM-Studio/resources/app/.webpack/main/index.js:1672:236
[2026-08-14 04:32:45.969] [error] [LMSInternal][LMSAuthenticator][Client=LM Studio][Endpoint=artifactDownloadResolutionSelectedDownloadOptionIndex] Error in writable signal handler: Error: Artifact download resolution task not found: rC5wAv8y1U1KUgY2Z4qco1HI
    at _0x3caae3.getArtifactDownloadResolutionSelectedDownloadOptionIndexWritableSignal (/opt/LM-Studio/resources/app/.webpack/main/index.js:821:8038)
    at _0x215b9e.MultiplexedArtifactResolutionProvider.getArtifactDownloadResolutionSelectedDownloadOptionIndexWritableSignal (/opt/LM-Studio/resources/app/.webpack/main/index.js:369:36292)
    at Object.handler (/opt/LM-Studio/resources/app/.webpack/main/index.js:641:126933)
    at /opt/LM-Studio/resources/app/.webpack/main/index.js:1672:236
[2026-08-14 04:32:48.117] [error] [LMSInternal][LMSAuthenticator][Client=LM Studio][Endpoint=artifactDownloadResolutionSelectedDownloadOptionIndex] Error in writable signal handler: Error: Artifact download resolution task not found: H8uSiygkNgzd5bKsAuOXQb5b
    at _0x3caae3.getArtifactDownloadResolutionSelectedDownloadOptionIndexWritableSignal (/opt/LM-Studio/resources/app/.webpack/main/index.js:821:8038)
    at _0x215b9e.MultiplexedArtifactResolutionProvider.getArtifactDownloadResolutionSelectedDownloadOptionIndexWritableSignal (/opt/LM-Studio/resources/app/.webpack/main/index.js:369:36292)
    at Object.handler (/opt/LM-Studio/resources/app/.webpack/main/index.js:641:126933)
    at /opt/LM-Studio/resources/app/.webpack/main/index.js:1672:236
[2026-08-14 04:32:50.748] [error] [LMSInternal][LMSAuthenticator][Client=LM Studio][Endpoint=artifactDownloadResolutionSelectedDownloadOptionIndex] Error in writable signal handler: Error: Artifact download resolution task not found: xz+PPUrjFGil27QF2Db8pA5G
    at _0x3caae3.getArtifactDownloadResolutionSelectedDownloadOptionIndexWritableSignal (/opt/LM-Studio/resources/app/.webpack/main/index.js:821:8038)
    at _0x215b9e.MultiplexedArtifactResolutionProvider.getArtifactDownloadResolutionSelectedDownloadOptionIndexWritableSignal (/opt/LM-Studio/resources/app/.webpack/main/index.js:369:36292)
    at Object.handler (/opt/LM-Studio/resources/app/.webpack/main/index.js:641:126933)
    at /opt/LM-Studio/resources/app/.webpack/main/index.js:1672:236
[2026-08-14 04:33:11.406] [error] [LMSInternal][LMSAuthenticator][Client=LM Studio][Endpoint=artifactDownloadResolutionSelectedDownloadOptionIndex] Error in writable signal handler: Error: Artifact download resolution task not found: ZYfml/rJhtprp7V/7QoOV5YY
    at _0x3caae3.getArtifactDownloadResolutionSelectedDownloadOptionIndexWritableSignal (/opt/LM-Studio/resources/app/.webpack/main/index.js:821:8038)
    at _0x215b9e.MultiplexedArtifactResolutionProvider.getArtifactDownloadResolutionSelectedDownloadOptionIndexWritableSignal (/opt/LM-Studio/resources/app/.webpack/main/index.js:369:36292)
    at Object.handler (/opt/LM-Studio/resources/app/.webpack/main/index.js:641:126933)
    at /opt/LM-Studio/resources/app/.webpack/main/index.js:1672:236
[2026-08-14 04:33:35.174] [error] [LMSInternal][LMSAuthenticator][Client=LM Studio][Endpoint=artifactDownloadResolutionSelectedDownloadOptionIndex] Error in writable signal handler: Error: Artifact download resolution task not found: kbQYLEFvwSb/U4hwgr+y0oI6
    at _0x3caae3.getArtifactDownloadResolutionSelectedDownloadOptionIndexWritableSignal (/opt/LM-Studio/resources/app/.webpack/main/index.js:821:8038)
    at _0x215b9e.MultiplexedArtifactResolutionProvider.getArtifactDownloadResolutionSelectedDownloadOptionIndexWritableSignal (/opt/LM-Studio/resources/app/.webpack/main/index.js:369:36292)
    at Object.handler (/opt/LM-Studio/resources/app/.webpack/main/index.js:641:126933)
    at /opt/LM-Studio/resources/app/.webpack/main/index.js:1672:236
[2026-08-14 04:33:51.386] [error] [LMSInternal][LMSAuthenticator][Client=LM Studio][Endpoint=artifactDownloadResolutionSelectedDownloadOptionIndex] Error in writable signal handler: Error: Artifact download resolution task not found: THRQf7TZfsFRCJQ/9QAeCKYB
    at _0x3caae3.getArtifactDownloadResolutionSelectedDownloadOptionIndexWritableSignal (/opt/LM-Studio/resources/app/.webpack/main/index.js:821:8038)
    at _0x215b9e.MultiplexedArtifactResolutionProvider.getArtifactDownloadResolutionSelectedDownloadOptionIndexWritableSignal (/opt/LM-Studio/resources/app/.webpack/main/index.js:369:36292)
    at Object.handler (/opt/LM-Studio/resources/app/.webpack/main/index.js:641:126933)
    at /opt/LM-Studio/resources/app/.webpack/main/index.js:1672:236
[2026-08-14 04:34:04.363] [error] [LMSInternal][LMSAuthenticator][Client=LM Studio][Endpoint=artifactDownloadResolutionSelectedDownloadOptionIndex] Error in writable signal handler: Error: Artifact download resolution task not found: zTfPhRG4iaRlur+BEdSnj7xt
    at _0x3caae3.getArtifactDownloadResolutionSelectedDownloadOptionIndexWritableSignal (/opt/LM-Studio/resources/app/.webpack/main/index.js:821:8038)
    at _0x215b9e.MultiplexedArtifactResolutionProvider.getArtifactDownloadResolutionSelectedDownloadOptionIndexWritableSignal (/opt/LM-Studio/resources/app/.webpack/main/index.js:369:36292)
    at Object.handler (/opt/LM-Studio/resources/app/.webpack/main/index.js:641:126933)
    at /opt/LM-Studio/resources/app/.webpack/main/index.js:1672:236
[2026-08-14 04:36:37.196] [error] [LMSInternal][LMSAuthenticator][Client=LM Studio][Endpoint=artifactDownloadResolutionSelectedDownloadOptionIndex] Error in writable signal handler: Error: Artifact download resolution task not found: cPClnQH0DccNTElR0nGPsphZ
    at _0x3caae3.getArtifactDownloadResolutionSelectedDownloadOptionIndexWritableSignal (/opt/LM-Studio/resources/app/.webpack/main/index.js:821:8038)
    at _0x215b9e.MultiplexedArtifactResolutionProvider.getArtifactDownloadResolutionSelectedDownloadOptionIndexWritableSignal (/opt/LM-Studio/resources/app/.webpack/main/index.js:369:36292)
    at Object.handler (/opt/LM-Studio/resources/app/.webpack/main/index.js:641:126933)
    at /opt/LM-Studio/resources/app/.webpack/main/index.js:1672:236
[2026-08-14 04:36:40.767] [error] [LMSInternal][LMSAuthenticator][Client=LM Studio][Endpoint=artifactDownloadResolutionSelectedDownloadOptionIndex] Error in writable signal handler: Error: Artifact download resolution task not found: inbrq8Aphwh7ESKM+Xm/B5FJ
    at _0x3caae3.getArtifactDownloadResolutionSelectedDownloadOptionIndexWritableSignal (/opt/LM-Studio/resources/app/.webpack/main/index.js:821:8038)
    at _0x215b9e.MultiplexedArtifactResolutionProvider.getArtifactDownloadResolutionSelectedDownloadOptionIndexWritableSignal (/opt/LM-Studio/resources/app/.webpack/main/index.js:369:36292)
    at Object.handler (/opt/LM-Studio/resources/app/.webpack/main/index.js:641:126933)
    at /opt/LM-Studio/resources/app/.webpack/main/index.js:1672:236
[2026-08-14 04:44:04.159] [error] [LM Studio] GPU Configuration:
  Strategy: evenly
  Priority: []
  Disabled GPUs: []
  Limit weight offload to dedicated GPU Memory: OFF
  Offload KV Cache to GPU: ON
[2026-08-14 04:44:04.352] [error] [LM Studio] Live GPU memory info (source 'LMS Core'):
  GPU 0: NVIDIA GeForce RTX 3060 (Used: 1.55 GB, Total: 12.88 GB, Free: 11.34 GB)
[2026-08-14 04:44:04.354] [error] [LM Studio] Model load size estimate with raw num offload layers '23' and context length '8192':
  Model: 9.09 GB
  Context: 967.91 MB
  Total: 10.06 GB
[2026-08-14 04:44:04.354] [error] [LM Studio] Strict GPU VRAM cap is OFF: GPU offload layers will not be checked for adjustment
[2026-08-14 04:44:04.355] [error] [LM Studio] Resolved GPU config options:
  Num Offload Layers: 23
  Num CPU Expert Layers: 0
  Main GPU: 0
  Tensor Split: [0]
  Disabled GPUs: []
[2026-08-14 04:44:06.321] [error] [LMSInternal][LMSAuthenticator][Client=LM Studio][Endpoint=artifactDownloadResolutionSelectedDownloadOptionIndex] Error in writable signal handler: Error: Artifact download resolution task not found: hWq8k9VPop6GDVFuy1ltn3fR
    at _0x3caae3.getArtifactDownloadResolutionSelectedDownloadOptionIndexWritableSignal (/opt/LM-Studio/resources/app/.webpack/main/index.js:821:8038)
    at _0x215b9e.MultiplexedArtifactResolutionProvider.getArtifactDownloadResolutionSelectedDownloadOptionIndexWritableSignal (/opt/LM-Studio/resources/app/.webpack/main/index.js:369:36292)
    at Object.handler (/opt/LM-Studio/resources/app/.webpack/main/index.js:641:126933)
    at /opt/LM-Studio/resources/app/.webpack/main/index.js:1672:236
[2026-08-14 04:44:11.000] [error] [LMSInternal][LMSAuthenticator][Client=LM Studio][Endpoint=artifactDownloadResolutionSelectedDownloadOptionIndex] Error in writable signal handler: Error: Artifact download resolution task not found: AFxuFDFJTvzwlfio1ic84bck
    at _0x3caae3.getArtifactDownloadResolutionSelectedDownloadOptionIndexWritableSignal (/opt/LM-Studio/resources/app/.webpack/main/index.js:821:8038)
    at _0x215b9e.MultiplexedArtifactResolutionProvider.getArtifactDownloadResolutionSelectedDownloadOptionIndexWritableSignal (/opt/LM-Studio/resources/app/.webpack/main/index.js:369:36292)
    at Object.handler (/opt/LM-Studio/resources/app/.webpack/main/index.js:641:126933)
    at /opt/LM-Studio/resources/app/.webpack/main/index.js:1672:236
[2026-08-14 04:50:44.067] [error] [LM Studio] GPU Configuration:
  Strategy: evenly
  Priority: []
  Disabled GPUs: []
  Limit weight offload to dedicated GPU Memory: OFF
  Offload KV Cache to GPU: ON
[2026-08-14 04:50:44.077] [error] [LM Studio] GPU Configuration:
  Strategy: evenly
  Priority: []
  Disabled GPUs: []
  Limit weight offload to dedicated GPU Memory: OFF
  Offload KV Cache to GPU: ON
[2026-08-14 04:50:44.149] [error] [LM Studio] GPU Configuration:
  Strategy: evenly
  Priority: []
  Disabled GPUs: []
  Limit weight offload to dedicated GPU Memory: OFF
  Offload KV Cache to GPU: ON
[2026-08-14 04:50:44.613] [error] [LM Studio] Live GPU memory info (source 'LMS Core'):
  GPU 0: NVIDIA GeForce RTX 3060 (Used: 12.81 GB, Total: 12.88 GB, Free: 79.50 MB)
[2026-08-14 04:50:44.614] [error] [LM Studio] Model load size estimate with raw num offload layers '18' and context length '8192':
  Model: 7.12 GB
  Context: 758.03 MB
  Total: 7.87 GB
[2026-08-14 04:50:44.614] [error] [LM Studio] Strict GPU VRAM cap is OFF: GPU offload layers will not be checked for adjustment
[2026-08-14 04:50:44.614] [error] [LM Studio] Resolved GPU config options:
  Num Offload Layers: 18
  Num CPU Expert Layers: 0
  Main GPU: 0
  Tensor Split: [0]
  Disabled GPUs: []
[2026-08-14 04:50:44.749] [error] [LM Studio] Live GPU memory info (source 'LMS Core'):
  GPU 0: NVIDIA GeForce RTX 3060 (Used: 12.75 GB, Total: 12.88 GB, Free: 132.19 MB)
[2026-08-14 04:50:44.749] [error] [LM Studio] Model load size estimate with raw num offload layers '18' and context length '8192':
  Model: 7.12 GB
  Context: 758.03 MB
  Total: 7.87 GB
[2026-08-14 04:50:44.749] [error] [LM Studio] Strict GPU VRAM cap is OFF: GPU offload layers will not be checked for adjustment
[2026-08-14 04:50:44.750] [error] [LM Studio] Resolved GPU config options:
  Num Offload Layers: 18
  Num CPU Expert Layers: 0
  Main GPU: 0
  Tensor Split: [0]
  Disabled GPUs: []
[2026-08-14 04:50:45.002] [error] [LM Studio] Live GPU memory info (source 'LMS Core'):
  GPU 0: NVIDIA GeForce RTX 3060 (Used: 12.78 GB, Total: 12.88 GB, Free: 109.25 MB)
[2026-08-14 04:50:45.003] [error] [LM Studio] Model load size estimate with raw num offload layers '18' and context length '8192':
  Model: 7.12 GB
  Context: 758.03 MB
  Total: 7.87 GB
[2026-08-14 04:50:45.003] [error] [LM Studio] Strict GPU VRAM cap is OFF: GPU offload layers will not be checked for adjustment
[2026-08-14 04:50:45.003] [error] [LM Studio] Resolved GPU config options:
  Num Offload Layers: 18
  Num CPU Expert Layers: 0
  Main GPU: 0
  Tensor Split: [0]
  Disabled GPUs: []
[2026-08-14 04:50:45.559] [error] [LM Studio] GPU Configuration:
  Strategy: evenly
  Priority: []
  Disabled GPUs: []
  Limit weight offload to dedicated GPU Memory: OFF
  Offload KV Cache to GPU: ON
[2026-08-14 04:50:45.590] [error] [LM Studio] GPU Configuration:
  Strategy: evenly
  Priority: []
  Disabled GPUs: []
  Limit weight offload to dedicated GPU Memory: OFF
  Offload KV Cache to GPU: ON
[2026-08-14 04:50:45.841] [error] [LM Studio] Live GPU memory info (source 'LMS Core'):
  GPU 0: NVIDIA GeForce RTX 3060 (Used: 12.76 GB, Total: 12.88 GB, Free: 124.06 MB)
[2026-08-14 04:50:45.842] [error] [LM Studio] Model load size estimate with raw num offload layers '18' and context length '8192':
  Model: 7.12 GB
  Context: 758.03 MB
  Total: 7.87 GB
[2026-08-14 04:50:45.842] [error] [LM Studio] Strict GPU VRAM cap is OFF: GPU offload layers will not be checked for adjustment
[2026-08-14 04:50:45.843] [error] [LM Studio] Resolved GPU config options:
  Num Offload Layers: 18
  Num CPU Expert Layers: 0
  Main GPU: 0
  Tensor Split: [0]
  Disabled GPUs: []
[2026-08-14 04:50:45.924] [error] [LM Studio] Live GPU memory info (source 'LMS Core'):
  GPU 0: NVIDIA GeForce RTX 3060 (Used: 12.74 GB, Total: 12.88 GB, Free: 147.06 MB)
[2026-08-14 04:50:45.925] [error] [LM Studio] Model load size estimate with raw num offload layers '18' and context length '8192':
  Model: 7.12 GB
  Context: 758.03 MB
  Total: 7.87 GB
[2026-08-14 04:50:45.925] [error] [LM Studio] Strict GPU VRAM cap is OFF: GPU offload layers will not be checked for adjustment
[2026-08-14 04:50:45.925] [error] [LM Studio] Resolved GPU config options:
  Num Offload Layers: 18
  Num CPU Expert Layers: 0
  Main GPU: 0
  Tensor Split: [0]
  Disabled GPUs: []
[2026-08-14 04:50:46.510] [error] [LM Studio] GPU Configuration:
  Strategy: evenly
  Priority: []
  Disabled GPUs: []
  Limit weight offload to dedicated GPU Memory: OFF
  Offload KV Cache to GPU: ON
[2026-08-14 04:50:46.576] [error] [LM Studio] GPU Configuration:
  Strategy: evenly
  Priority: []
  Disabled GPUs: []
  Limit weight offload to dedicated GPU Memory: OFF
  Offload KV Cache to GPU: ON
[2026-08-14 04:50:46.790] [error] [LM Studio] Live GPU memory info (source 'LMS Core'):
  GPU 0: NVIDIA GeForce RTX 3060 (Used: 12.75 GB, Total: 12.88 GB, Free: 139.53 MB)
[2026-08-14 04:50:46.790] [error] [LM Studio] Model load size estimate with raw num offload layers '18' and context length '8192':
  Model: 7.12 GB
  Context: 758.03 MB
  Total: 7.87 GB
[2026-08-14 04:50:46.790] [error] [LM Studio] Strict GPU VRAM cap is OFF: GPU offload layers will not be checked for adjustment
[2026-08-14 04:50:46.790] [error] [LM Studio] Resolved GPU config options:
  Num Offload Layers: 18
  Num CPU Expert Layers: 0
  Main GPU: 0
  Tensor Split: [0]
  Disabled GPUs: []
[2026-08-14 04:50:46.878] [error] [LM Studio] Live GPU memory info (source 'LMS Core'):
  GPU 0: NVIDIA GeForce RTX 3060 (Used: 12.73 GB, Total: 12.88 GB, Free: 155.25 MB)
[2026-08-14 04:50:46.878] [error] [LM Studio] Model load size estimate with raw num offload layers '18' and context length '8192':
  Model: 7.12 GB
  Context: 758.03 MB
  Total: 7.87 GB
[2026-08-14 04:50:46.878] [error] [LM Studio] Strict GPU VRAM cap is OFF: GPU offload layers will not be checked for adjustment
[2026-08-14 04:50:46.878] [error] [LM Studio] Resolved GPU config options:
  Num Offload Layers: 18
  Num CPU Expert Layers: 0
  Main GPU: 0
  Tensor Split: [0]
  Disabled GPUs: []
[2026-08-14 04:50:47.214] [error] [LM Studio] GPU Configuration:
  Strategy: evenly
  Priority: []
  Disabled GPUs: []
  Limit weight offload to dedicated GPU Memory: OFF
  Offload KV Cache to GPU: ON
[2026-08-14 04:50:47.275] [warn]  Falling back to shell for live VRAM by device
[2026-08-14 04:50:47.304] [error] [LM Studio] Live GPU memory info (source 'shell'):
  GPU 0: NVIDIA GeForce RTX 3060 (Used: 12.84 GB, Total: 12.88 GB, Free: 40.89 MB)
[2026-08-14 04:50:47.304] [error] [LM Studio] Model load size estimate with raw num offload layers '18' and context length '8192':
  Model: 7.12 GB
  Context: 758.03 MB
  Total: 7.87 GB
[2026-08-14 04:50:47.304] [error] [LM Studio] Strict GPU VRAM cap is OFF: GPU offload layers will not be checked for adjustment
[2026-08-14 04:50:47.304] [error] [LM Studio] Resolved GPU config options:
  Num Offload Layers: 18
  Num CPU Expert Layers: 0
  Main GPU: 0
  Tensor Split: [0]
  Disabled GPUs: []
[2026-08-14 04:50:47.429] [error] E [LMSExternal] [LMSAuthenticator][Client=lms-cli][Endpoint=loadModel] Error in channel handler: Error: Engine protocol runtime llama-server for ZiS76WVPkWGBBuiChMA0mZY7 exited before becoming healthy. exitCode=1, signal=null
    at ChildProcess._0x3ba02c (/opt/LM-Studio/resources/app/.webpack/main/index.js:243:28)
    at Object.onceWrapper (node:events:634:26)
    at ChildProcess.emit (node:events:531:35)
    at ChildProcess._handle.onexit (node:internal/child_process:293:12)
    at Process.callbackTrampoline (node:internal/async_hooks:130:17)
[2026-08-14 04:50:47.540] [error] E [LMSExternal] [LMSAuthenticator][Client=lms-cli][Endpoint=loadModel] Error in channel handler: Error: Engine protocol runtime llama-server for 0p36lqJd+9EI7W23t/K8+vWl exited before becoming healthy. exitCode=1, signal=null
    at ChildProcess._0x3ba02c (/opt/LM-Studio/resources/app/.webpack/main/index.js:243:28)
    at Object.onceWrapper (node:events:634:26)
    at ChildProcess.emit (node:events:531:35)
    at ChildProcess._handle.onexit (node:internal/child_process:293:12)
    at Process.callbackTrampoline (node:internal/async_hooks:130:17)
[2026-08-14 04:50:47.920] [error] [LM Studio] GPU Configuration:
  Strategy: evenly
  Priority: []
  Disabled GPUs: []
  Limit weight offload to dedicated GPU Memory: OFF
  Offload KV Cache to GPU: ON
[2026-08-14 04:50:48.101] [error] [LM Studio] Live GPU memory info (source 'LMS Core'):
  GPU 0: NVIDIA GeForce RTX 3060 (Used: 12.72 GB, Total: 12.88 GB, Free: 160.24 MB)
[2026-08-14 04:50:48.101] [error] [LM Studio] Model load size estimate with raw num offload layers '18' and context length '8192':
  Model: 7.12 GB
  Context: 758.03 MB
  Total: 7.87 GB
[2026-08-14 04:50:48.102] [error] [LM Studio] Strict GPU VRAM cap is OFF: GPU offload layers will not be checked for adjustment
[2026-08-14 04:50:48.102] [error] [LM Studio] Resolved GPU config options:
  Num Offload Layers: 18
  Num CPU Expert Layers: 0
  Main GPU: 0
  Tensor Split: [0]
  Disabled GPUs: []
[2026-08-14 04:50:48.592] [error] E [LMSExternal] [LMSAuthenticator][Client=lms-cli][Endpoint=loadModel] Error in channel handler: Error: Engine protocol runtime llama-server for qlDL3UVWAOUtoejdGwAjaRGn exited before becoming healthy. exitCode=1, signal=null
    at ChildProcess._0x3ba02c (/opt/LM-Studio/resources/app/.webpack/main/index.js:243:28)
    at Object.onceWrapper (node:events:634:26)
    at ChildProcess.emit (node:events:531:35)
    at ChildProcess._handle.onexit (node:internal/child_process:293:12)
    at Process.callbackTrampoline (node:internal/async_hooks:130:17)
[2026-08-14 04:50:58.645] [error] [LMSInternal][LMSAuthenticator][Client=LM Studio][Endpoint=countTokens] Error in RPC handler: ExplicitModelUnloadError: Model is unloaded.
    at /opt/LM-Studio/resources/app/.webpack/main/index.js:261:4448
    at process.processTicksAndRejections (node:internal/process/task_queues:105:5)
[2026-08-14 04:50:58.645] [error] [LMSInternal][LMSAuthenticator][Client=LM Studio][Endpoint=countTokens] Error in RPC handler: ExplicitModelUnloadError: Model is unloaded.
    at /opt/LM-Studio/resources/app/.webpack/main/index.js:261:4448
    at process.processTicksAndRejections (node:internal/process/task_queues:105:5)
[2026-08-14 04:50:58.654] [error] [LM Studio] GPU Configuration:
  Strategy: evenly
  Priority: []
  Disabled GPUs: []
  Limit weight offload to dedicated GPU Memory: OFF
  Offload KV Cache to GPU: ON
[2026-08-14 04:50:58.842] [error] [LM Studio] Live GPU memory info (source 'LMS Core'):
  GPU 0: NVIDIA GeForce RTX 3060 (Used: 1.77 GB, Total: 12.88 GB, Free: 11.12 GB)
[2026-08-14 04:50:58.842] [error] [LM Studio] Model load size estimate with raw num offload layers '23' and context length '8192':
  Model: 9.09 GB
  Context: 967.91 MB
  Total: 10.06 GB
[2026-08-14 04:50:58.842] [error] [LM Studio] Strict GPU VRAM cap is OFF: GPU offload layers will not be checked for adjustment
[2026-08-14 04:50:58.842] [error] [LM Studio] Resolved GPU config options:
  Num Offload Layers: 23
  Num CPU Expert Layers: 0
  Main GPU: 0
  Tensor Split: [0]
  Disabled GPUs: []
[2026-08-14 04:51:07.681] [error] [LM Studio] GPU Configuration:
  Strategy: evenly
  Priority: []
  Disabled GPUs: []
  Limit weight offload to dedicated GPU Memory: OFF
  Offload KV Cache to GPU: ON
[2026-08-14 04:51:07.873] [error] [LM Studio] Live GPU memory info (source 'LMS Core'):
  GPU 0: NVIDIA GeForce RTX 3060 (Used: 1.69 GB, Total: 12.88 GB, Free: 11.20 GB)
[2026-08-14 04:51:07.874] [error] [LM Studio] Model load size estimate with raw num offload layers '23' and context length '8192':
  Model: 9.09 GB
  Context: 967.91 MB
  Total: 10.06 GB
[2026-08-14 04:51:07.874] [error] [LM Studio] Strict GPU VRAM cap is OFF: GPU offload layers will not be checked for adjustment
[2026-08-14 04:51:07.874] [error] [LM Studio] Resolved GPU config options:
  Num Offload Layers: 23
  Num CPU Expert Layers: 0
  Main GPU: 0
  Tensor Split: [0]
  Disabled GPUs: []
[2026-08-14 04:58:01.954] [error] [LMSInternal][LMSAuthenticator][Client=LM Studio][Endpoint=artifactDownloadResolutionSelectedDownloadOptionIndex] Error in writable signal handler: Error: Artifact download resolution task not found: DZaCUazmXih02gobrmeoK22H
    at _0x3caae3.getArtifactDownloadResolutionSelectedDownloadOptionIndexWritableSignal (/opt/LM-Studio/resources/app/.webpack/main/index.js:821:8038)
    at _0x215b9e.MultiplexedArtifactResolutionProvider.getArtifactDownloadResolutionSelectedDownloadOptionIndexWritableSignal (/opt/LM-Studio/resources/app/.webpack/main/index.js:369:36292)
    at Object.handler (/opt/LM-Studio/resources/app/.webpack/main/index.js:641:126933)
    at /opt/LM-Studio/resources/app/.webpack/main/index.js:1672:236
[2026-08-14 04:58:02.980] [error] [LMSInternal][LMSAuthenticator][Client=LM Studio][Endpoint=artifactDownloadResolutionSelectedDownloadOptionIndex] Error in writable signal handler: Error: Artifact download resolution task not found: 6nGVOo1GQ7X3DINjW0B0YPZP
    at _0x3caae3.getArtifactDownloadResolutionSelectedDownloadOptionIndexWritableSignal (/opt/LM-Studio/resources/app/.webpack/main/index.js:821:8038)
    at _0x215b9e.MultiplexedArtifactResolutionProvider.getArtifactDownloadResolutionSelectedDownloadOptionIndexWritableSignal (/opt/LM-Studio/resources/app/.webpack/main/index.js:369:36292)
    at Object.handler (/opt/LM-Studio/resources/app/.webpack/main/index.js:641:126933)
    at /opt/LM-Studio/resources/app/.webpack/main/index.js:1672:236
[2026-08-14 04:58:03.556] [error] [LMSInternal][LMSAuthenticator][Client=LM Studio][Endpoint=artifactDownloadResolutionSelectedDownloadOptionIndex] Error in writable signal handler: Error: Artifact download resolution task not found: hIn0uoBj5D2AVqbqS/D7j64O
    at _0x3caae3.getArtifactDownloadResolutionSelectedDownloadOptionIndexWritableSignal (/opt/LM-Studio/resources/app/.webpack/main/index.js:821:8038)
    at _0x215b9e.MultiplexedArtifactResolutionProvider.getArtifactDownloadResolutionSelectedDownloadOptionIndexWritableSignal (/opt/LM-Studio/resources/app/.webpack/main/index.js:369:36292)
    at Object.handler (/opt/LM-Studio/resources/app/.webpack/main/index.js:641:126933)
    at /opt/LM-Studio/resources/app/.webpack/main/index.js:1672:236
[2026-08-14 04:58:04.907] [error] [LMSInternal][LMSAuthenticator][Client=LM Studio][Endpoint=artifactDownloadResolutionSelectedDownloadOptionIndex] Error in writable signal handler: Error: Artifact download resolution task not found: QmZJiyICAfex0cDeXEA4xRNT
    at _0x3caae3.getArtifactDownloadResolutionSelectedDownloadOptionIndexWritableSignal (/opt/LM-Studio/resources/app/.webpack/main/index.js:821:8038)
    at _0x215b9e.MultiplexedArtifactResolutionProvider.getArtifactDownloadResolutionSelectedDownloadOptionIndexWritableSignal (/opt/LM-Studio/resources/app/.webpack/main/index.js:369:36292)
    at Object.handler (/opt/LM-Studio/resources/app/.webpack/main/index.js:641:126933)
    at /opt/LM-Studio/resources/app/.webpack/main/index.js:1672:236
[2026-08-14 04:58:08.549] [error] [LMSInternal][LMSAuthenticator][Client=LM Studio][Endpoint=artifactDownloadResolutionSelectedDownloadOptionIndex] Error in writable signal handler: Error: Artifact download resolution task not found: xPzs8WGJHIo/EqvvfInJPO4s
    at _0x3caae3.getArtifactDownloadResolutionSelectedDownloadOptionIndexWritableSignal (/opt/LM-Studio/resources/app/.webpack/main/index.js:821:8038)
    at _0x215b9e.MultiplexedArtifactResolutionProvider.getArtifactDownloadResolutionSelectedDownloadOptionIndexWritableSignal (/opt/LM-Studio/resources/app/.webpack/main/index.js:369:36292)
    at Object.handler (/opt/LM-Studio/resources/app/.webpack/main/index.js:641:126933)
    at /opt/LM-Studio/resources/app/.webpack/main/index.js:1672:236
[2026-08-14 04:58:11.396] [error] [LMSInternal][LMSAuthenticator][Client=LM Studio][Endpoint=artifactDownloadResolutionSelectedDownloadOptionIndex] Error in writable signal handler: Error: Artifact download resolution task not found: fG6D6VxherbOu/mtGFPCfyfN
    at _0x3caae3.getArtifactDownloadResolutionSelectedDownloadOptionIndexWritableSignal (/opt/LM-Studio/resources/app/.webpack/main/index.js:821:8038)
    at _0x215b9e.MultiplexedArtifactResolutionProvider.getArtifactDownloadResolutionSelectedDownloadOptionIndexWritableSignal (/opt/LM-Studio/resources/app/.webpack/main/index.js:369:36292)
    at Object.handler (/opt/LM-Studio/resources/app/.webpack/main/index.js:641:126933)
    at /opt/LM-Studio/resources/app/.webpack/main/index.js:1672:236
[2026-08-14 04:58:14.882] [error] [LMSInternal][LMSAuthenticator][Client=LM Studio][Endpoint=artifactDownloadResolutionSelectedDownloadOptionIndex] Error in writable signal handler: Error: Artifact download resolution task not found: LJaNf0zaL+7IKWGuqqCg6/JC
    at _0x3caae3.getArtifactDownloadResolutionSelectedDownloadOptionIndexWritableSignal (/opt/LM-Studio/resources/app/.webpack/main/index.js:821:8038)
    at _0x215b9e.MultiplexedArtifactResolutionProvider.getArtifactDownloadResolutionSelectedDownloadOptionIndexWritableSignal (/opt/LM-Studio/resources/app/.webpack/main/index.js:369:36292)
    at Object.handler (/opt/LM-Studio/resources/app/.webpack/main/index.js:641:126933)
    at /opt/LM-Studio/resources/app/.webpack/main/index.js:1672:236
[2026-08-14 04:58:19.560] [error] [LMSInternal][LMSAuthenticator][Client=LM Studio][Endpoint=artifactDownloadResolutionSelectedDownloadOptionIndex] Error in writable signal handler: Error: Artifact download resolution task not found: COaKSBoF1+TogI+ANd/DNtCJ
    at _0x3caae3.getArtifactDownloadResolutionSelectedDownloadOptionIndexWritableSignal (/opt/LM-Studio/resources/app/.webpack/main/index.js:821:8038)
    at _0x215b9e.MultiplexedArtifactResolutionProvider.getArtifactDownloadResolutionSelectedDownloadOptionIndexWritableSignal (/opt/LM-Studio/resources/app/.webpack/main/index.js:369:36292)
    at Object.handler (/opt/LM-Studio/resources/app/.webpack/main/index.js:641:126933)
    at /opt/LM-Studio/resources/app/.webpack/main/index.js:1672:236
[2026-08-14 04:58:20.935] [error] [LMSInternal][LMSAuthenticator][Client=LM Studio][Endpoint=artifactDownloadResolutionSelectedDownloadOptionIndex] Error in writable signal handler: Error: Artifact download resolution task not found: YOfE8GqXAEqwWq+3Xa0ruduh
    at _0x3caae3.getArtifactDownloadResolutionSelectedDownloadOptionIndexWritableSignal (/opt/LM-Studio/resources/app/.webpack/main/index.js:821:8038)
    at _0x215b9e.MultiplexedArtifactResolutionProvider.getArtifactDownloadResolutionSelectedDownloadOptionIndexWritableSignal (/opt/LM-Studio/resources/app/.webpack/main/index.js:369:36292)
    at Object.handler (/opt/LM-Studio/resources/app/.webpack/main/index.js:641:126933)
    at /opt/LM-Studio/resources/app/.webpack/main/index.js:1672:236
[2026-08-14 04:58:27.437] [error] [LMSInternal][LMSAuthenticator][Client=LM Studio][Endpoint=artifactDownloadResolutionSelectedDownloadOptionIndex] Error in writable signal handler: Error: Artifact download resolution task not found: gY9BSREcEWs3M1Lvo9olhh8l
    at _0x3caae3.getArtifactDownloadResolutionSelectedDownloadOptionIndexWritableSignal (/opt/LM-Studio/resources/app/.webpack/main/index.js:821:8038)
    at _0x215b9e.MultiplexedArtifactResolutionProvider.getArtifactDownloadResolutionSelectedDownloadOptionIndexWritableSignal (/opt/LM-Studio/resources/app/.webpack/main/index.js:369:36292)
    at Object.handler (/opt/LM-Studio/resources/app/.webpack/main/index.js:641:126933)
    at /opt/LM-Studio/resources/app/.webpack/main/index.js:1672:236
[2026-08-14 04:58:29.059] [error] [LMSInternal][LMSAuthenticator][Client=LM Studio][Endpoint=artifactDownloadResolutionSelectedDownloadOptionIndex] Error in writable signal handler: Error: Artifact download resolution task not found: gvz6wIXXHsOxuaFGJR6kDEKN
    at _0x3caae3.getArtifactDownloadResolutionSelectedDownloadOptionIndexWritableSignal (/opt/LM-Studio/resources/app/.webpack/main/index.js:821:8038)
    at _0x215b9e.MultiplexedArtifactResolutionProvider.getArtifactDownloadResolutionSelectedDownloadOptionIndexWritableSignal (/opt/LM-Studio/resources/app/.webpack/main/index.js:369:36292)
    at Object.handler (/opt/LM-Studio/resources/app/.webpack/main/index.js:641:126933)
    at /opt/LM-Studio/resources/app/.webpack/main/index.js:1672:236
[2026-08-14 04:58:29.656] [error] [LMSInternal][LMSAuthenticator][Client=LM Studio][Endpoint=artifactDownloadResolutionSelectedDownloadOptionIndex] Error in writable signal handler: Error: Artifact download resolution task not found: 23r/Vszp3GwkWVUiAxnTpIw4
    at _0x3caae3.getArtifactDownloadResolutionSelectedDownloadOptionIndexWritableSignal (/opt/LM-Studio/resources/app/.webpack/main/index.js:821:8038)
    at _0x215b9e.MultiplexedArtifactResolutionProvider.getArtifactDownloadResolutionSelectedDownloadOptionIndexWritableSignal (/opt/LM-Studio/resources/app/.webpack/main/index.js:369:36292)
    at Object.handler (/opt/LM-Studio/resources/app/.webpack/main/index.js:641:126933)
    at /opt/LM-Studio/resources/app/.webpack/main/index.js:1672:236
[2026-08-14 04:58:33.163] [error] [LMSInternal][LMSAuthenticator][Client=LM Studio][Endpoint=artifactDownloadResolutionSelectedDownloadOptionIndex] Error in writable signal handler: Error: Artifact download resolution task not found: HWSC7/Uw1UEnLCyv2w85RoO9
    at _0x3caae3.getArtifactDownloadResolutionSelectedDownloadOptionIndexWritableSignal (/opt/LM-Studio/resources/app/.webpack/main/index.js:821:8038)
    at _0x215b9e.MultiplexedArtifactResolutionProvider.getArtifactDownloadResolutionSelectedDownloadOptionIndexWritableSignal (/opt/LM-Studio/resources/app/.webpack/main/index.js:369:36292)
    at Object.handler (/opt/LM-Studio/resources/app/.webpack/main/index.js:641:126933)
    at /opt/LM-Studio/resources/app/.webpack/main/index.js:1672:236
[2026-08-14 04:58:35.022] [error] [LMSInternal][LMSAuthenticator][Client=LM Studio][Endpoint=artifactDownloadResolutionSelectedDownloadOptionIndex] Error in writable signal handler: Error: Artifact download resolution task not found: gqIS7Fzd5i3m4iEdnGMxXbEw
    at _0x3caae3.getArtifactDownloadResolutionSelectedDownloadOptionIndexWritableSignal (/opt/LM-Studio/resources/app/.webpack/main/index.js:821:8038)
    at _0x215b9e.MultiplexedArtifactResolutionProvider.getArtifactDownloadResolutionSelectedDownloadOptionIndexWritableSignal (/opt/LM-Studio/resources/app/.webpack/main/index.js:369:36292)
    at Object.handler (/opt/LM-Studio/resources/app/.webpack/main/index.js:641:126933)
    at /opt/LM-Studio/resources/app/.webpack/main/index.js:1672:236
[2026-08-14 04:58:36.852] [error] [LMSInternal][LMSAuthenticator][Client=LM Studio][Endpoint=artifactDownloadResolutionSelectedDownloadOptionIndex] Error in writable signal handler: Error: Artifact download resolution task not found: mV0XafU/IsG2AD7pGfrzQ0Qs
    at _0x3caae3.getArtifactDownloadResolutionSelectedDownloadOptionIndexWritableSignal (/opt/LM-Studio/resources/app/.webpack/main/index.js:821:8038)
    at _0x215b9e.MultiplexedArtifactResolutionProvider.getArtifactDownloadResolutionSelectedDownloadOptionIndexWritableSignal (/opt/LM-Studio/resources/app/.webpack/main/index.js:369:36292)
    at Object.handler (/opt/LM-Studio/resources/app/.webpack/main/index.js:641:126933)
    at /opt/LM-Studio/resources/app/.webpack/main/index.js:1672:236
[2026-08-14 04:58:38.122] [error] [LMSInternal][LMSAuthenticator][Client=LM Studio][Endpoint=artifactDownloadResolutionSelectedDownloadOptionIndex] Error in writable signal handler: Error: Artifact download resolution task not found: NFUnmamwViSViRJzJtAFWvgW
    at _0x3caae3.getArtifactDownloadResolutionSelectedDownloadOptionIndexWritableSignal (/opt/LM-Studio/resources/app/.webpack/main/index.js:821:8038)
    at _0x215b9e.MultiplexedArtifactResolutionProvider.getArtifactDownloadResolutionSelectedDownloadOptionIndexWritableSignal (/opt/LM-Studio/resources/app/.webpack/main/index.js:369:36292)
    at Object.handler (/opt/LM-Studio/resources/app/.webpack/main/index.js:641:126933)
    at /opt/LM-Studio/resources/app/.webpack/main/index.js:1672:236
[2026-08-14 04:58:41.208] [error] [LMSInternal][LMSAuthenticator][Client=LM Studio][Endpoint=artifactDownloadResolutionSelectedDownloadOptionIndex] Error in writable signal handler: Error: Artifact download resolution task not found: gADC8UydA1Iu1Avg5d7/Ef1k
    at _0x3caae3.getArtifactDownloadResolutionSelectedDownloadOptionIndexWritableSignal (/opt/LM-Studio/resources/app/.webpack/main/index.js:821:8038)
    at _0x215b9e.MultiplexedArtifactResolutionProvider.getArtifactDownloadResolutionSelectedDownloadOptionIndexWritableSignal (/opt/LM-Studio/resources/app/.webpack/main/index.js:369:36292)
    at Object.handler (/opt/LM-Studio/resources/app/.webpack/main/index.js:641:126933)
    at /opt/LM-Studio/resources/app/.webpack/main/index.js:1672:236
[2026-08-14 04:58:58.907] [error] [LMSInternal][LMSAuthenticator][Client=LM Studio][Endpoint=artifactDownloadResolutionSelectedDownloadOptionIndex] Error in writable signal handler: Error: Artifact download resolution task not found: sphuHyejHG07SwNxW9F8eVgU
    at _0x3caae3.getArtifactDownloadResolutionSelectedDownloadOptionIndexWritableSignal (/opt/LM-Studio/resources/app/.webpack/main/index.js:821:8038)
    at _0x215b9e.MultiplexedArtifactResolutionProvider.getArtifactDownloadResolutionSelectedDownloadOptionIndexWritableSignal (/opt/LM-Studio/resources/app/.webpack/main/index.js:369:36292)
    at Object.handler (/opt/LM-Studio/resources/app/.webpack/main/index.js:641:126933)
    at /opt/LM-Studio/resources/app/.webpack/main/index.js:1672:236
[2026-08-14 04:59:15.549] [error] [LMSInternal][LMSAuthenticator][Client=LM Studio][Endpoint=artifactDownloadResolutionSelectedDownloadOptionIndex] Error in writable signal handler: Error: Artifact download resolution task not found: 2YUXHp8BR2rO0xnK6qmJeUT9
    at _0x3caae3.getArtifactDownloadResolutionSelectedDownloadOptionIndexWritableSignal (/opt/LM-Studio/resources/app/.webpack/main/index.js:821:8038)
    at _0x215b9e.MultiplexedArtifactResolutionProvider.getArtifactDownloadResolutionSelectedDownloadOptionIndexWritableSignal (/opt/LM-Studio/resources/app/.webpack/main/index.js:369:36292)
    at Object.handler (/opt/LM-Studio/resources/app/.webpack/main/index.js:641:126933)
    at /opt/LM-Studio/resources/app/.webpack/main/index.js:1672:236
[2026-08-14 04:59:29.896] [error] [LMSInternal][LMSAuthenticator][Client=LM Studio][Endpoint=artifactDownloadResolutionSelectedDownloadOptionIndex] Error in writable signal handler: Error: Artifact download resolution task not found: g2VxmSjTWsxLulC1wNQY7Jj1
    at _0x3caae3.getArtifactDownloadResolutionSelectedDownloadOptionIndexWritableSignal (/opt/LM-Studio/resources/app/.webpack/main/index.js:821:8038)
    at _0x215b9e.MultiplexedArtifactResolutionProvider.getArtifactDownloadResolutionSelectedDownloadOptionIndexWritableSignal (/opt/LM-Studio/resources/app/.webpack/main/index.js:369:36292)
    at Object.handler (/opt/LM-Studio/resources/app/.webpack/main/index.js:641:126933)
    at /opt/LM-Studio/resources/app/.webpack/main/index.js:1672:236
[2026-08-14 04:59:30.489] [error] [LMSInternal][LMSAuthenticator][Client=LM Studio][Endpoint=artifactDownloadResolutionSelectedDownloadOptionIndex] Error in writable signal handler: Error: Artifact download resolution task not found: /8W4tnu3G5g+yEo2WRBafzBi
    at _0x3caae3.getArtifactDownloadResolutionSelectedDownloadOptionIndexWritableSignal (/opt/LM-Studio/resources/app/.webpack/main/index.js:821:8038)
    at _0x215b9e.MultiplexedArtifactResolutionProvider.getArtifactDownloadResolutionSelectedDownloadOptionIndexWritableSignal (/opt/LM-Studio/resources/app/.webpack/main/index.js:369:36292)
    at Object.handler (/opt/LM-Studio/resources/app/.webpack/main/index.js:641:126933)
    at /opt/LM-Studio/resources/app/.webpack/main/index.js:1672:236
[2026-08-14 04:59:31.237] [error] [LMSInternal][LMSAuthenticator][Client=LM Studio][Endpoint=artifactDownloadResolutionSelectedDownloadOptionIndex] Error in writable signal handler: Error: Artifact download resolution task not found: SNiUEqolSw4ql6hnehPlgXjh
    at _0x3caae3.getArtifactDownloadResolutionSelectedDownloadOptionIndexWritableSignal (/opt/LM-Studio/resources/app/.webpack/main/index.js:821:8038)
    at _0x215b9e.MultiplexedArtifactResolutionProvider.getArtifactDownloadResolutionSelectedDownloadOptionIndexWritableSignal (/opt/LM-Studio/resources/app/.webpack/main/index.js:369:36292)
    at Object.handler (/opt/LM-Studio/resources/app/.webpack/main/index.js:641:126933)
    at /opt/LM-Studio/resources/app/.webpack/main/index.js:1672:236
[2026-08-14 04:59:49.438] [error] [LMSInternal][LMSAuthenticator][Client=LM Studio][Endpoint=artifactDownloadResolutionSelectedDownloadOptionIndex] Error in writable signal handler: Error: Artifact download resolution task not found: 9pFYq5v67Vz6b0PRyx88oUC/
    at _0x3caae3.getArtifactDownloadResolutionSelectedDownloadOptionIndexWritableSignal (/opt/LM-Studio/resources/app/.webpack/main/index.js:821:8038)
    at _0x215b9e.MultiplexedArtifactResolutionProvider.getArtifactDownloadResolutionSelectedDownloadOptionIndexWritableSignal (/opt/LM-Studio/resources/app/.webpack/main/index.js:369:36292)
    at Object.handler (/opt/LM-Studio/resources/app/.webpack/main/index.js:641:126933)
    at /opt/LM-Studio/resources/app/.webpack/main/index.js:1672:236
[2026-08-14 04:59:53.760] [error] [LMSInternal][LMSAuthenticator][Client=LM Studio][Endpoint=artifactDownloadResolutionSelectedDownloadOptionIndex] Error in writable signal handler: Error: Artifact download resolution task not found: 6H/8okfmKHfjpL0E8nM2jCWj
    at _0x3caae3.getArtifactDownloadResolutionSelectedDownloadOptionIndexWritableSignal (/opt/LM-Studio/resources/app/.webpack/main/index.js:821:8038)
    at _0x215b9e.MultiplexedArtifactResolutionProvider.getArtifactDownloadResolutionSelectedDownloadOptionIndexWritableSignal (/opt/LM-Studio/resources/app/.webpack/main/index.js:369:36292)
    at Object.handler (/opt/LM-Studio/resources/app/.webpack/main/index.js:641:126933)
    at /opt/LM-Studio/resources/app/.webpack/main/index.js:1672:236
[2026-08-14 05:00:03.936] [error] [LMSInternal][LMSAuthenticator][Client=LM Studio][Endpoint=artifactDownloadResolutionSelectedDownloadOptionIndex] Error in writable signal handler: Error: Artifact download resolution task not found: S0xa+SEz4k6TJM3Gwf1cBxuB
    at _0x3caae3.getArtifactDownloadResolutionSelectedDownloadOptionIndexWritableSignal (/opt/LM-Studio/resources/app/.webpack/main/index.js:821:8038)
    at _0x215b9e.MultiplexedArtifactResolutionProvider.getArtifactDownloadResolutionSelectedDownloadOptionIndexWritableSignal (/opt/LM-Studio/resources/app/.webpack/main/index.js:369:36292)
    at Object.handler (/opt/LM-Studio/resources/app/.webpack/main/index.js:641:126933)
    at /opt/LM-Studio/resources/app/.webpack/main/index.js:1672:236
[2026-08-14 05:00:09.414] [error] [LMSInternal][LMSAuthenticator][Client=LM Studio][Endpoint=artifactDownloadResolutionSelectedDownloadOptionIndex] Error in writable signal handler: Error: Artifact download resolution task not found: dhKTzDZCgj1WQSkPisI9HFt0
    at _0x3caae3.getArtifactDownloadResolutionSelectedDownloadOptionIndexWritableSignal (/opt/LM-Studio/resources/app/.webpack/main/index.js:821:8038)
    at _0x215b9e.MultiplexedArtifactResolutionProvider.getArtifactDownloadResolutionSelectedDownloadOptionIndexWritableSignal (/opt/LM-Studio/resources/app/.webpack/main/index.js:369:36292)
    at Object.handler (/opt/LM-Studio/resources/app/.webpack/main/index.js:641:126933)
    at /opt/LM-Studio/resources/app/.webpack/main/index.js:1672:236
[2026-08-14 05:00:13.980] [error] [LMSInternal][LMSAuthenticator][Client=LM Studio][Endpoint=artifactDownloadResolutionSelectedDownloadOptionIndex] Error in writable signal handler: Error: Artifact download resolution task not found: g9nkekW/pmVkc+iyDLy/j407
    at _0x3caae3.getArtifactDownloadResolutionSelectedDownloadOptionIndexWritableSignal (/opt/LM-Studio/resources/app/.webpack/main/index.js:821:8038)
    at _0x215b9e.MultiplexedArtifactResolutionProvider.getArtifactDownloadResolutionSelectedDownloadOptionIndexWritableSignal (/opt/LM-Studio/resources/app/.webpack/main/index.js:369:36292)
    at Object.handler (/opt/LM-Studio/resources/app/.webpack/main/index.js:641:126933)
    at /opt/LM-Studio/resources/app/.webpack/main/index.js:1672:236
[2026-08-14 05:00:16.525] [error] [LMSInternal][LMSAuthenticator][Client=LM Studio][Endpoint=artifactDownloadResolutionSelectedDownloadOptionIndex] Error in writable signal handler: Error: Artifact download resolution task not found: SvkBfpMSAhPVpqLTUUt7ovdj
    at _0x3caae3.getArtifactDownloadResolutionSelectedDownloadOptionIndexWritableSignal (/opt/LM-Studio/resources/app/.webpack/main/index.js:821:8038)
    at _0x215b9e.MultiplexedArtifactResolutionProvider.getArtifactDownloadResolutionSelectedDownloadOptionIndexWritableSignal (/opt/LM-Studio/resources/app/.webpack/main/index.js:369:36292)
    at Object.handler (/opt/LM-Studio/resources/app/.webpack/main/index.js:641:126933)
    at /opt/LM-Studio/resources/app/.webpack/main/index.js:1672:236
[2026-08-14 05:00:17.980] [error] [LMSInternal][LMSAuthenticator][Client=LM Studio][Endpoint=artifactDownloadResolutionSelectedDownloadOptionIndex] Error in writable signal handler: Error: Artifact download resolution task not found: aamVlEsT+6mr6J+Vrhc6r4Ar
    at _0x3caae3.getArtifactDownloadResolutionSelectedDownloadOptionIndexWritableSignal (/opt/LM-Studio/resources/app/.webpack/main/index.js:821:8038)
    at _0x215b9e.MultiplexedArtifactResolutionProvider.getArtifactDownloadResolutionSelectedDownloadOptionIndexWritableSignal (/opt/LM-Studio/resources/app/.webpack/main/index.js:369:36292)
    at Object.handler (/opt/LM-Studio/resources/app/.webpack/main/index.js:641:126933)
    at /opt/LM-Studio/resources/app/.webpack/main/index.js:1672:236
[2026-08-14 05:00:21.056] [error] [LMSInternal][LMSAuthenticator][Client=LM Studio][Endpoint=artifactDownloadResolutionSelectedDownloadOptionIndex] Error in writable signal handler: Error: Artifact download resolution task not found: 8F7Z6Ojj+q7+0EmB0hLX1kcx
    at _0x3caae3.getArtifactDownloadResolutionSelectedDownloadOptionIndexWritableSignal (/opt/LM-Studio/resources/app/.webpack/main/index.js:821:8038)
    at _0x215b9e.MultiplexedArtifactResolutionProvider.getArtifactDownloadResolutionSelectedDownloadOptionIndexWritableSignal (/opt/LM-Studio/resources/app/.webpack/main/index.js:369:36292)
    at Object.handler (/opt/LM-Studio/resources/app/.webpack/main/index.js:641:126933)
    at /opt/LM-Studio/resources/app/.webpack/main/index.js:1672:236
[2026-08-14 05:00:22.159] [error] [LMSInternal][LMSAuthenticator][Client=LM Studio][Endpoint=artifactDownloadResolutionSelectedDownloadOptionIndex] Error in writable signal handler: Error: Artifact download resolution task not found: Vmr6tnwiqlOnzZuDtiwXkujH
    at _0x3caae3.getArtifactDownloadResolutionSelectedDownloadOptionIndexWritableSignal (/opt/LM-Studio/resources/app/.webpack/main/index.js:821:8038)
    at _0x215b9e.MultiplexedArtifactResolutionProvider.getArtifactDownloadResolutionSelectedDownloadOptionIndexWritableSignal (/opt/LM-Studio/resources/app/.webpack/main/index.js:369:36292)
    at Object.handler (/opt/LM-Studio/resources/app/.webpack/main/index.js:641:126933)
    at /opt/LM-Studio/resources/app/.webpack/main/index.js:1672:236
[2026-08-14 05:00:23.154] [error] [LMSInternal][LMSAuthenticator][Client=LM Studio][Endpoint=artifactDownloadResolutionSelectedDownloadOptionIndex] Error in writable signal handler: Error: Artifact download resolution task not found: jkd4EVW3Cd7CE+KUWA4OioWE
    at _0x3caae3.getArtifactDownloadResolutionSelectedDownloadOptionIndexWritableSignal (/opt/LM-Studio/resources/app/.webpack/main/index.js:821:8038)
    at _0x215b9e.MultiplexedArtifactResolutionProvider.getArtifactDownloadResolutionSelectedDownloadOptionIndexWritableSignal (/opt/LM-Studio/resources/app/.webpack/main/index.js:369:36292)
    at Object.handler (/opt/LM-Studio/resources/app/.webpack/main/index.js:641:126933)
    at /opt/LM-Studio/resources/app/.webpack/main/index.js:1672:236
[2026-08-14 05:00:25.624] [error] [LMSInternal][LMSAuthenticator][Client=LM Studio][Endpoint=artifactDownloadResolutionSelectedDownloadOptionIndex] Error in writable signal handler: Error: Artifact download resolution task not found: ef4PpAUrk1n/sYLPj6CoBFjQ
    at _0x3caae3.getArtifactDownloadResolutionSelectedDownloadOptionIndexWritableSignal (/opt/LM-Studio/resources/app/.webpack/main/index.js:821:8038)
    at _0x215b9e.MultiplexedArtifactResolutionProvider.getArtifactDownloadResolutionSelectedDownloadOptionIndexWritableSignal (/opt/LM-Studio/resources/app/.webpack/main/index.js:369:36292)
    at Object.handler (/opt/LM-Studio/resources/app/.webpack/main/index.js:641:126933)
    at /opt/LM-Studio/resources/app/.webpack/main/index.js:1672:236
[2026-08-14 05:00:26.677] [error] [LMSInternal][LMSAuthenticator][Client=LM Studio][Endpoint=artifactDownloadResolutionSelectedDownloadOptionIndex] Error in writable signal handler: Error: Artifact download resolution task not found: lao7IoBRdBvs8X2bDO/Wd/ti
    at _0x3caae3.getArtifactDownloadResolutionSelectedDownloadOptionIndexWritableSignal (/opt/LM-Studio/resources/app/.webpack/main/index.js:821:8038)
    at _0x215b9e.MultiplexedArtifactResolutionProvider.getArtifactDownloadResolutionSelectedDownloadOptionIndexWritableSignal (/opt/LM-Studio/resources/app/.webpack/main/index.js:369:36292)
    at Object.handler (/opt/LM-Studio/resources/app/.webpack/main/index.js:641:126933)
    at /opt/LM-Studio/resources/app/.webpack/main/index.js:1672:236
[2026-08-14 05:00:27.753] [error] [LMSInternal][LMSAuthenticator][Client=LM Studio][Endpoint=artifactDownloadResolutionSelectedDownloadOptionIndex] Error in writable signal handler: Error: Artifact download resolution task not found: VQTG+Qymtp+bvkv3EDRIY8vP
    at _0x3caae3.getArtifactDownloadResolutionSelectedDownloadOptionIndexWritableSignal (/opt/LM-Studio/resources/app/.webpack/main/index.js:821:8038)
    at _0x215b9e.MultiplexedArtifactResolutionProvider.getArtifactDownloadResolutionSelectedDownloadOptionIndexWritableSignal (/opt/LM-Studio/resources/app/.webpack/main/index.js:369:36292)
    at Object.handler (/opt/LM-Studio/resources/app/.webpack/main/index.js:641:126933)
    at /opt/LM-Studio/resources/app/.webpack/main/index.js:1672:236
[2026-08-14 05:00:36.247] [error] [LMSInternal][LMSAuthenticator][Client=LM Studio][Endpoint=artifactDownloadResolutionSelectedDownloadOptionIndex] Error in writable signal handler: Error: Artifact download resolution task not found: eALktdQbSS9Fj0oLE+/Zzl48
    at _0x3caae3.getArtifactDownloadResolutionSelectedDownloadOptionIndexWritableSignal (/opt/LM-Studio/resources/app/.webpack/main/index.js:821:8038)
    at _0x215b9e.MultiplexedArtifactResolutionProvider.getArtifactDownloadResolutionSelectedDownloadOptionIndexWritableSignal (/opt/LM-Studio/resources/app/.webpack/main/index.js:369:36292)
    at Object.handler (/opt/LM-Studio/resources/app/.webpack/main/index.js:641:126933)
    at /opt/LM-Studio/resources/app/.webpack/main/index.js:1672:236
[2026-08-14 05:00:41.907] [error] [LMSInternal][LMSAuthenticator][Client=LM Studio][Endpoint=artifactDownloadResolutionSelectedDownloadOptionIndex] Error in writable signal handler: Error: Artifact download resolution task not found: SmQThKy7vy/I8r4jVZAmNbYO
    at _0x3caae3.getArtifactDownloadResolutionSelectedDownloadOptionIndexWritableSignal (/opt/LM-Studio/resources/app/.webpack/main/index.js:821:8038)
    at _0x215b9e.MultiplexedArtifactResolutionProvider.getArtifactDownloadResolutionSelectedDownloadOptionIndexWritableSignal (/opt/LM-Studio/resources/app/.webpack/main/index.js:369:36292)
    at Object.handler (/opt/LM-Studio/resources/app/.webpack/main/index.js:641:126933)
    at /opt/LM-Studio/resources/app/.webpack/main/index.js:1672:236
[2026-08-14 05:01:08.413] [error] [LMSInternal][LMSAuthenticator][Client=LM Studio][Endpoint=artifactDownloadResolutionSelectedDownloadOptionIndex] Error in writable signal handler: Error: Artifact download resolution task not found: M8JMnUNj6otOif8vJjUX4IY5
    at _0x3caae3.getArtifactDownloadResolutionSelectedDownloadOptionIndexWritableSignal (/opt/LM-Studio/resources/app/.webpack/main/index.js:821:8038)
    at _0x215b9e.MultiplexedArtifactResolutionProvider.getArtifactDownloadResolutionSelectedDownloadOptionIndexWritableSignal (/opt/LM-Studio/resources/app/.webpack/main/index.js:369:36292)
    at Object.handler (/opt/LM-Studio/resources/app/.webpack/main/index.js:641:126933)
    at /opt/LM-Studio/resources/app/.webpack/main/index.js:1672:236
[2026-08-14 05:01:10.337] [error] [LMSInternal][LMSAuthenticator][Client=LM Studio][Endpoint=artifactDownloadResolutionSelectedDownloadOptionIndex] Error in writable signal handler: Error: Artifact download resolution task not found: 4K1elnjRcup4qqZXgp9OiSkz
    at _0x3caae3.getArtifactDownloadResolutionSelectedDownloadOptionIndexWritableSignal (/opt/LM-Studio/resources/app/.webpack/main/index.js:821:8038)
    at _0x215b9e.MultiplexedArtifactResolutionProvider.getArtifactDownloadResolutionSelectedDownloadOptionIndexWritableSignal (/opt/LM-Studio/resources/app/.webpack/main/index.js:369:36292)
    at Object.handler (/opt/LM-Studio/resources/app/.webpack/main/index.js:641:126933)
    at /opt/LM-Studio/resources/app/.webpack/main/index.js:1672:236
[2026-08-14 05:01:12.153] [error] [LMSInternal][LMSAuthenticator][Client=LM Studio][Endpoint=artifactDownloadResolutionSelectedDownloadOptionIndex] Error in writable signal handler: Error: Artifact download resolution task not found: Otq94+pt/p+L/QHLatCxi1fB
    at _0x3caae3.getArtifactDownloadResolutionSelectedDownloadOptionIndexWritableSignal (/opt/LM-Studio/resources/app/.webpack/main/index.js:821:8038)
    at _0x215b9e.MultiplexedArtifactResolutionProvider.getArtifactDownloadResolutionSelectedDownloadOptionIndexWritableSignal (/opt/LM-Studio/resources/app/.webpack/main/index.js:369:36292)
    at Object.handler (/opt/LM-Studio/resources/app/.webpack/main/index.js:641:126933)
    at /opt/LM-Studio/resources/app/.webpack/main/index.js:1672:236
[2026-08-14 05:01:12.886] [error] [LMSInternal][LMSAuthenticator][Client=LM Studio][Endpoint=artifactDownloadResolutionSelectedDownloadOptionIndex] Error in writable signal handler: Error: Artifact download resolution task not found: EpktjVNmtnxfTs14VrmK1JDk
    at _0x3caae3.getArtifactDownloadResolutionSelectedDownloadOptionIndexWritableSignal (/opt/LM-Studio/resources/app/.webpack/main/index.js:821:8038)
    at _0x215b9e.MultiplexedArtifactResolutionProvider.getArtifactDownloadResolutionSelectedDownloadOptionIndexWritableSignal (/opt/LM-Studio/resources/app/.webpack/main/index.js:369:36292)
    at Object.handler (/opt/LM-Studio/resources/app/.webpack/main/index.js:641:126933)
    at /opt/LM-Studio/resources/app/.webpack/main/index.js:1672:236
[2026-08-14 05:01:27.053] [error] [LMSInternal][LMSAuthenticator][Client=LM Studio][Endpoint=artifactDownloadResolutionSelectedDownloadOptionIndex] Error in writable signal handler: Error: Artifact download resolution task not found: nC+7wtJWBa3nWffADs6Lfy1S
    at _0x3caae3.getArtifactDownloadResolutionSelectedDownloadOptionIndexWritableSignal (/opt/LM-Studio/resources/app/.webpack/main/index.js:821:8038)
    at _0x215b9e.MultiplexedArtifactResolutionProvider.getArtifactDownloadResolutionSelectedDownloadOptionIndexWritableSignal (/opt/LM-Studio/resources/app/.webpack/main/index.js:369:36292)
    at Object.handler (/opt/LM-Studio/resources/app/.webpack/main/index.js:641:126933)
    at /opt/LM-Studio/resources/app/.webpack/main/index.js:1672:236
[2026-08-14 05:01:27.526] [error] [LMSInternal][LMSAuthenticator][Client=LM Studio][Endpoint=artifactDownloadResolutionSelectedDownloadOptionIndex] Error in writable signal handler: Error: Artifact download resolution task not found: fXKWuoTHtsHVu6XJX+aoIBt0
    at _0x3caae3.getArtifactDownloadResolutionSelectedDownloadOptionIndexWritableSignal (/opt/LM-Studio/resources/app/.webpack/main/index.js:821:8038)
    at _0x215b9e.MultiplexedArtifactResolutionProvider.getArtifactDownloadResolutionSelectedDownloadOptionIndexWritableSignal (/opt/LM-Studio/resources/app/.webpack/main/index.js:369:36292)
    at Object.handler (/opt/LM-Studio/resources/app/.webpack/main/index.js:641:126933)
    at /opt/LM-Studio/resources/app/.webpack/main/index.js:1672:236
[2026-08-14 05:01:28.126] [error] [LMSInternal][LMSAuthenticator][Client=LM Studio][Endpoint=artifactDownloadResolutionSelectedDownloadOptionIndex] Error in writable signal handler: Error: Artifact download resolution task not found: t2RUGVN46z1qxgnuxHqTyr/u
    at _0x3caae3.getArtifactDownloadResolutionSelectedDownloadOptionIndexWritableSignal (/opt/LM-Studio/resources/app/.webpack/main/index.js:821:8038)
    at _0x215b9e.MultiplexedArtifactResolutionProvider.getArtifactDownloadResolutionSelectedDownloadOptionIndexWritableSignal (/opt/LM-Studio/resources/app/.webpack/main/index.js:369:36292)
    at Object.handler (/opt/LM-Studio/resources/app/.webpack/main/index.js:641:126933)
    at /opt/LM-Studio/resources/app/.webpack/main/index.js:1672:236
[2026-08-14 05:01:33.353] [error] [LMSInternal][LMSAuthenticator][Client=LM Studio][Endpoint=artifactDownloadResolutionSelectedDownloadOptionIndex] Error in writable signal handler: Error: Artifact download resolution task not found: JzO+oqHfOzxWtfe5aeDXiT00
    at _0x3caae3.getArtifactDownloadResolutionSelectedDownloadOptionIndexWritableSignal (/opt/LM-Studio/resources/app/.webpack/main/index.js:821:8038)
    at _0x215b9e.MultiplexedArtifactResolutionProvider.getArtifactDownloadResolutionSelectedDownloadOptionIndexWritableSignal (/opt/LM-Studio/resources/app/.webpack/main/index.js:369:36292)
    at Object.handler (/opt/LM-Studio/resources/app/.webpack/main/index.js:641:126933)
    at /opt/LM-Studio/resources/app/.webpack/main/index.js:1672:236
[2026-08-14 05:01:34.113] [error] [LMSInternal][LMSAuthenticator][Client=LM Studio][Endpoint=artifactDownloadResolutionSelectedDownloadOptionIndex] Error in writable signal handler: Error: Artifact download resolution task not found: mopUPo+6L5clSjJ/XE5iTieV
    at _0x3caae3.getArtifactDownloadResolutionSelectedDownloadOptionIndexWritableSignal (/opt/LM-Studio/resources/app/.webpack/main/index.js:821:8038)
    at _0x215b9e.MultiplexedArtifactResolutionProvider.getArtifactDownloadResolutionSelectedDownloadOptionIndexWritableSignal (/opt/LM-Studio/resources/app/.webpack/main/index.js:369:36292)
    at Object.handler (/opt/LM-Studio/resources/app/.webpack/main/index.js:641:126933)
    at /opt/LM-Studio/resources/app/.webpack/main/index.js:1672:236
[2026-08-14 05:01:35.845] [error] [LMSInternal][LMSAuthenticator][Client=LM Studio][Endpoint=artifactDownloadResolutionSelectedDownloadOptionIndex] Error in writable signal handler: Error: Artifact download resolution task not found: jdY8nVfDdPsmsuqjN58ZxJst
    at _0x3caae3.getArtifactDownloadResolutionSelectedDownloadOptionIndexWritableSignal (/opt/LM-Studio/resources/app/.webpack/main/index.js:821:8038)
    at _0x215b9e.MultiplexedArtifactResolutionProvider.getArtifactDownloadResolutionSelectedDownloadOptionIndexWritableSignal (/opt/LM-Studio/resources/app/.webpack/main/index.js:369:36292)
    at Object.handler (/opt/LM-Studio/resources/app/.webpack/main/index.js:641:126933)
    at /opt/LM-Studio/resources/app/.webpack/main/index.js:1672:236
[2026-08-14 05:01:37.284] [error] [LMSInternal][LMSAuthenticator][Client=LM Studio][Endpoint=artifactDownloadResolutionSelectedDownloadOptionIndex] Error in writable signal handler: Error: Artifact download resolution task not found: tOJ07e8jXgN9VUaUA/cPAetV
    at _0x3caae3.getArtifactDownloadResolutionSelectedDownloadOptionIndexWritableSignal (/opt/LM-Studio/resources/app/.webpack/main/index.js:821:8038)
    at _0x215b9e.MultiplexedArtifactResolutionProvider.getArtifactDownloadResolutionSelectedDownloadOptionIndexWritableSignal (/opt/LM-Studio/resources/app/.webpack/main/index.js:369:36292)
    at Object.handler (/opt/LM-Studio/resources/app/.webpack/main/index.js:641:126933)
    at /opt/LM-Studio/resources/app/.webpack/main/index.js:1672:236
[2026-08-14 05:01:44.750] [error] [LMSInternal][LMSAuthenticator][Client=LM Studio][Endpoint=artifactDownloadResolutionSelectedDownloadOptionIndex] Error in writable signal handler: Error: Artifact download resolution task not found: /Wv23hUxq8+Ostujl7Fic/u3
    at _0x3caae3.getArtifactDownloadResolutionSelectedDownloadOptionIndexWritableSignal (/opt/LM-Studio/resources/app/.webpack/main/index.js:821:8038)
    at _0x215b9e.MultiplexedArtifactResolutionProvider.getArtifactDownloadResolutionSelectedDownloadOptionIndexWritableSignal (/opt/LM-Studio/resources/app/.webpack/main/index.js:369:36292)
    at Object.handler (/opt/LM-Studio/resources/app/.webpack/main/index.js:641:126933)
    at /opt/LM-Studio/resources/app/.webpack/main/index.js:1672:236
[2026-08-14 05:01:50.660] [error] [LMSInternal][LMSAuthenticator][Client=LM Studio][Endpoint=artifactDownloadResolutionSelectedDownloadOptionIndex] Error in writable signal handler: Error: Artifact download resolution task not found: fqDVkxaJnbB0HXNy1lUB2Ea2
    at _0x3caae3.getArtifactDownloadResolutionSelectedDownloadOptionIndexWritableSignal (/opt/LM-Studio/resources/app/.webpack/main/index.js:821:8038)
    at _0x215b9e.MultiplexedArtifactResolutionProvider.getArtifactDownloadResolutionSelectedDownloadOptionIndexWritableSignal (/opt/LM-Studio/resources/app/.webpack/main/index.js:369:36292)
    at Object.handler (/opt/LM-Studio/resources/app/.webpack/main/index.js:641:126933)
    at /opt/LM-Studio/resources/app/.webpack/main/index.js:1672:236
[2026-08-14 05:01:51.761] [error] [LMSInternal][LMSAuthenticator][Client=LM Studio][Endpoint=artifactDownloadResolutionSelectedDownloadOptionIndex] Error in writable signal handler: Error: Artifact download resolution task not found: MITw2vLlN5Q2xDD068gWRL9N
    at _0x3caae3.getArtifactDownloadResolutionSelectedDownloadOptionIndexWritableSignal (/opt/LM-Studio/resources/app/.webpack/main/index.js:821:8038)
    at _0x215b9e.MultiplexedArtifactResolutionProvider.getArtifactDownloadResolutionSelectedDownloadOptionIndexWritableSignal (/opt/LM-Studio/resources/app/.webpack/main/index.js:369:36292)
    at Object.handler (/opt/LM-Studio/resources/app/.webpack/main/index.js:641:126933)
    at /opt/LM-Studio/resources/app/.webpack/main/index.js:1672:236
[2026-08-14 05:01:52.404] [error] [LMSInternal][LMSAuthenticator][Client=LM Studio][Endpoint=artifactDownloadResolutionSelectedDownloadOptionIndex] Error in writable signal handler: Error: Artifact download resolution task not found: t2zufZnEYrr920GErvdpMmY8
    at _0x3caae3.getArtifactDownloadResolutionSelectedDownloadOptionIndexWritableSignal (/opt/LM-Studio/resources/app/.webpack/main/index.js:821:8038)
    at _0x215b9e.MultiplexedArtifactResolutionProvider.getArtifactDownloadResolutionSelectedDownloadOptionIndexWritableSignal (/opt/LM-Studio/resources/app/.webpack/main/index.js:369:36292)
    at Object.handler (/opt/LM-Studio/resources/app/.webpack/main/index.js:641:126933)
    at /opt/LM-Studio/resources/app/.webpack/main/index.js:1672:236
[2026-08-14 05:01:53.701] [error] [LMSInternal][LMSAuthenticator][Client=LM Studio][Endpoint=artifactDownloadResolutionSelectedDownloadOptionIndex] Error in writable signal handler: Error: Artifact download resolution task not found: cyHOyQkDDeVE6bV7Ztt8B/kZ
    at _0x3caae3.getArtifactDownloadResolutionSelectedDownloadOptionIndexWritableSignal (/opt/LM-Studio/resources/app/.webpack/main/index.js:821:8038)
    at _0x215b9e.MultiplexedArtifactResolutionProvider.getArtifactDownloadResolutionSelectedDownloadOptionIndexWritableSignal (/opt/LM-Studio/resources/app/.webpack/main/index.js:369:36292)
    at Object.handler (/opt/LM-Studio/resources/app/.webpack/main/index.js:641:126933)
    at /opt/LM-Studio/resources/app/.webpack/main/index.js:1672:236
[2026-08-14 05:01:54.576] [error] [LMSInternal][LMSAuthenticator][Client=LM Studio][Endpoint=artifactDownloadResolutionSelectedDownloadOptionIndex] Error in writable signal handler: Error: Artifact download resolution task not found: ExL6PI/4CC0dckgtp/uqACYl
    at _0x3caae3.getArtifactDownloadResolutionSelectedDownloadOptionIndexWritableSignal (/opt/LM-Studio/resources/app/.webpack/main/index.js:821:8038)
    at _0x215b9e.MultiplexedArtifactResolutionProvider.getArtifactDownloadResolutionSelectedDownloadOptionIndexWritableSignal (/opt/LM-Studio/resources/app/.webpack/main/index.js:369:36292)
    at Object.handler (/opt/LM-Studio/resources/app/.webpack/main/index.js:641:126933)
    at /opt/LM-Studio/resources/app/.webpack/main/index.js:1672:236
[2026-08-14 05:01:55.355] [error] [LMSInternal][LMSAuthenticator][Client=LM Studio][Endpoint=artifactDownloadResolutionSelectedDownloadOptionIndex] Error in writable signal handler: Error: Artifact download resolution task not found: MAxUSg2OXG7hsco8CmmyAa8Z
    at _0x3caae3.getArtifactDownloadResolutionSelectedDownloadOptionIndexWritableSignal (/opt/LM-Studio/resources/app/.webpack/main/index.js:821:8038)
    at _0x215b9e.MultiplexedArtifactResolutionProvider.getArtifactDownloadResolutionSelectedDownloadOptionIndexWritableSignal (/opt/LM-Studio/resources/app/.webpack/main/index.js:369:36292)
    at Object.handler (/opt/LM-Studio/resources/app/.webpack/main/index.js:641:126933)
    at /opt/LM-Studio/resources/app/.webpack/main/index.js:1672:236
[2026-08-14 05:01:56.894] [error] [LMSInternal][LMSAuthenticator][Client=LM Studio][Endpoint=artifactDownloadResolutionSelectedDownloadOptionIndex] Error in writable signal handler: Error: Artifact download resolution task not found: nCYpPOjBTDhvhcz4XmLs08Dj
    at _0x3caae3.getArtifactDownloadResolutionSelectedDownloadOptionIndexWritableSignal (/opt/LM-Studio/resources/app/.webpack/main/index.js:821:8038)
    at _0x215b9e.MultiplexedArtifactResolutionProvider.getArtifactDownloadResolutionSelectedDownloadOptionIndexWritableSignal (/opt/LM-Studio/resources/app/.webpack/main/index.js:369:36292)
    at Object.handler (/opt/LM-Studio/resources/app/.webpack/main/index.js:641:126933)
    at /opt/LM-Studio/resources/app/.webpack/main/index.js:1672:236
[2026-08-14 05:02:01.556] [error] [LMSInternal][LMSAuthenticator][Client=LM Studio][Endpoint=artifactDownloadResolutionSelectedDownloadOptionIndex] Error in writable signal handler: Error: Artifact download resolution task not found: voQdZ1UJC4of8YWiD76uJyq7
    at _0x3caae3.getArtifactDownloadResolutionSelectedDownloadOptionIndexWritableSignal (/opt/LM-Studio/resources/app/.webpack/main/index.js:821:8038)
    at _0x215b9e.MultiplexedArtifactResolutionProvider.getArtifactDownloadResolutionSelectedDownloadOptionIndexWritableSignal (/opt/LM-Studio/resources/app/.webpack/main/index.js:369:36292)
    at Object.handler (/opt/LM-Studio/resources/app/.webpack/main/index.js:641:126933)
    at /opt/LM-Studio/resources/app/.webpack/main/index.js:1672:236
[2026-08-14 05:02:07.189] [error] [LMSInternal][LMSAuthenticator][Client=LM Studio][Endpoint=artifactDownloadResolutionSelectedDownloadOptionIndex] Error in writable signal handler: Error: Artifact download resolution task not found: Rj2G0J59Hwkqp6a4U4yGENeR
    at _0x3caae3.getArtifactDownloadResolutionSelectedDownloadOptionIndexWritableSignal (/opt/LM-Studio/resources/app/.webpack/main/index.js:821:8038)
    at _0x215b9e.MultiplexedArtifactResolutionProvider.getArtifactDownloadResolutionSelectedDownloadOptionIndexWritableSignal (/opt/LM-Studio/resources/app/.webpack/main/index.js:369:36292)
    at Object.handler (/opt/LM-Studio/resources/app/.webpack/main/index.js:641:126933)
    at /opt/LM-Studio/resources/app/.webpack/main/index.js:1672:236
[2026-08-14 05:02:09.584] [error] [LMSInternal][LMSAuthenticator][Client=LM Studio][Endpoint=artifactDownloadResolutionSelectedDownloadOptionIndex] Error in writable signal handler: Error: Artifact download resolution task not found: 5Fikb9ccRik3x3D4/KAQDgC2
    at _0x3caae3.getArtifactDownloadResolutionSelectedDownloadOptionIndexWritableSignal (/opt/LM-Studio/resources/app/.webpack/main/index.js:821:8038)
    at _0x215b9e.MultiplexedArtifactResolutionProvider.getArtifactDownloadResolutionSelectedDownloadOptionIndexWritableSignal (/opt/LM-Studio/resources/app/.webpack/main/index.js:369:36292)
    at Object.handler (/opt/LM-Studio/resources/app/.webpack/main/index.js:641:126933)
    at /opt/LM-Studio/resources/app/.webpack/main/index.js:1672:236
[2026-08-14 05:02:12.998] [error] [LMSInternal][LMSAuthenticator][Client=LM Studio][Endpoint=artifactDownloadResolutionSelectedDownloadOptionIndex] Error in writable signal handler: Error: Artifact download resolution task not found: z28W5YeYqp08RoLQZis7QFSm
    at _0x3caae3.getArtifactDownloadResolutionSelectedDownloadOptionIndexWritableSignal (/opt/LM-Studio/resources/app/.webpack/main/index.js:821:8038)
    at _0x215b9e.MultiplexedArtifactResolutionProvider.getArtifactDownloadResolutionSelectedDownloadOptionIndexWritableSignal (/opt/LM-Studio/resources/app/.webpack/main/index.js:369:36292)
    at Object.handler (/opt/LM-Studio/resources/app/.webpack/main/index.js:641:126933)
    at /opt/LM-Studio/resources/app/.webpack/main/index.js:1672:236
[2026-08-14 05:02:37.399] [error] [LMSInternal][LMSAuthenticator][Client=LM Studio][Endpoint=artifactDownloadResolutionSelectedDownloadOptionIndex] Error in writable signal handler: Error: Artifact download resolution task not found: 7ocr7juk/3KQuRFjsKgZhBGb
    at _0x3caae3.getArtifactDownloadResolutionSelectedDownloadOptionIndexWritableSignal (/opt/LM-Studio/resources/app/.webpack/main/index.js:821:8038)
    at _0x215b9e.MultiplexedArtifactResolutionProvider.getArtifactDownloadResolutionSelectedDownloadOptionIndexWritableSignal (/opt/LM-Studio/resources/app/.webpack/main/index.js:369:36292)
    at Object.handler (/opt/LM-Studio/resources/app/.webpack/main/index.js:641:126933)
    at /opt/LM-Studio/resources/app/.webpack/main/index.js:1672:236
[2026-08-14 05:02:39.463] [error] [LMSInternal][LMSAuthenticator][Client=LM Studio][Endpoint=artifactDownloadResolutionSelectedDownloadOptionIndex] Error in writable signal handler: Error: Artifact download resolution task not found: Q9gGhJ9q+FpsLKFAE5EibaE1
    at _0x3caae3.getArtifactDownloadResolutionSelectedDownloadOptionIndexWritableSignal (/opt/LM-Studio/resources/app/.webpack/main/index.js:821:8038)
    at _0x215b9e.MultiplexedArtifactResolutionProvider.getArtifactDownloadResolutionSelectedDownloadOptionIndexWritableSignal (/opt/LM-Studio/resources/app/.webpack/main/index.js:369:36292)
    at Object.handler (/opt/LM-Studio/resources/app/.webpack/main/index.js:641:126933)
    at /opt/LM-Studio/resources/app/.webpack/main/index.js:1672:236
[2026-08-14 05:03:06.726] [error] [LMSInternal][LMSAuthenticator][Client=LM Studio][Endpoint=artifactDownloadResolutionSelectedDownloadOptionIndex] Error in writable signal handler: Error: Artifact download resolution task not found: Yp+J7P1l2qCr4oX2rUFrqfIU
    at _0x3caae3.getArtifactDownloadResolutionSelectedDownloadOptionIndexWritableSignal (/opt/LM-Studio/resources/app/.webpack/main/index.js:821:8038)
    at _0x215b9e.MultiplexedArtifactResolutionProvider.getArtifactDownloadResolutionSelectedDownloadOptionIndexWritableSignal (/opt/LM-Studio/resources/app/.webpack/main/index.js:369:36292)
    at Object.handler (/opt/LM-Studio/resources/app/.webpack/main/index.js:641:126933)
    at /opt/LM-Studio/resources/app/.webpack/main/index.js:1672:236
[2026-08-14 05:03:16.248] [error] [LMSInternal][LMSAuthenticator][Client=LM Studio][Endpoint=artifactDownloadResolutionSelectedDownloadOptionIndex] Error in writable signal handler: Error: Artifact download resolution task not found: u1kN/+GWnX/zvGy6LRThUyRD
    at _0x3caae3.getArtifactDownloadResolutionSelectedDownloadOptionIndexWritableSignal (/opt/LM-Studio/resources/app/.webpack/main/index.js:821:8038)
    at _0x215b9e.MultiplexedArtifactResolutionProvider.getArtifactDownloadResolutionSelectedDownloadOptionIndexWritableSignal (/opt/LM-Studio/resources/app/.webpack/main/index.js:369:36292)
    at Object.handler (/opt/LM-Studio/resources/app/.webpack/main/index.js:641:126933)
    at /opt/LM-Studio/resources/app/.webpack/main/index.js:1672:236
[2026-08-14 05:28:24.825] [error] [LM Studio] GPU Configuration:
  Strategy: evenly
  Priority: []
  Disabled GPUs: []
  Limit weight offload to dedicated GPU Memory: OFF
  Offload KV Cache to GPU: ON
[2026-08-14 05:28:25.008] [error] [LM Studio] Live GPU memory info (source 'LMS Core'):
  GPU 0: NVIDIA GeForce RTX 3060 (Used: 1.64 GB, Total: 12.88 GB, Free: 11.25 GB)
[2026-08-14 05:28:25.008] [error] [LM Studio] Model load size estimate with raw num offload layers '37' and context length '8192':
  Model: 8.92 GB
  Context: 357.82 MB
  Total: 9.28 GB
[2026-08-14 05:28:25.008] [error] [LM Studio] Strict GPU VRAM cap is OFF: GPU offload layers will not be checked for adjustment
[2026-08-14 05:28:25.009] [error] [LM Studio] Resolved GPU config options:
  Num Offload Layers: 37
  Num CPU Expert Layers: 0
  Main GPU: 0
  Tensor Split: [0]
  Disabled GPUs: []
[2026-08-14 05:28:28.775] [error] [LMSInternal][LMSAuthenticator][Client=LM Studio][Endpoint=artifactDownloadResolutionSelectedDownloadOptionIndex] Error in writable signal handler: Error: Artifact download resolution task not found: mvV+g/e3/R8g1FF3lnBvPis7
    at _0x3caae3.getArtifactDownloadResolutionSelectedDownloadOptionIndexWritableSignal (/opt/LM-Studio/resources/app/.webpack/main/index.js:821:8038)
    at _0x215b9e.MultiplexedArtifactResolutionProvider.getArtifactDownloadResolutionSelectedDownloadOptionIndexWritableSignal (/opt/LM-Studio/resources/app/.webpack/main/index.js:369:36292)
    at Object.handler (/opt/LM-Studio/resources/app/.webpack/main/index.js:641:126933)
    at /opt/LM-Studio/resources/app/.webpack/main/index.js:1672:236
[2026-08-14 06:00:24.874] [error] [LM Studio] GPU Configuration:
  Strategy: evenly
  Priority: []
  Disabled GPUs: []
  Limit weight offload to dedicated GPU Memory: OFF
  Offload KV Cache to GPU: ON
[2026-08-14 06:00:25.252] [error] [LM Studio] Live GPU memory info (source 'LMS Core'):
  GPU 0: NVIDIA GeForce RTX 3060 (Used: 10.94 GB, Total: 12.88 GB, Free: 1.95 GB)
[2026-08-14 06:00:25.252] [error] [LM Studio] Model load size estimate with raw num offload layers '35' and context length '8192':
  Model: 6.75 GB
  Context: 733.94 MB
  Total: 7.48 GB
[2026-08-14 06:00:25.253] [error] [LM Studio] Strict GPU VRAM cap is OFF: GPU offload layers will not be checked for adjustment
[2026-08-14 06:00:25.253] [error] [LM Studio] Resolved GPU config options:
  Num Offload Layers: 35
  Num CPU Expert Layers: 0
  Main GPU: 0
  Tensor Split: [0]
  Disabled GPUs: []
[2026-08-14 06:00:25.941] [error] [LM Studio] GPU Configuration:
  Strategy: evenly
  Priority: []
  Disabled GPUs: []
  Limit weight offload to dedicated GPU Memory: OFF
  Offload KV Cache to GPU: ON
[2026-08-14 06:00:26.143] [error] [LM Studio] Live GPU memory info (source 'LMS Core'):
  GPU 0: NVIDIA GeForce RTX 3060 (Used: 10.94 GB, Total: 12.88 GB, Free: 1.95 GB)
[2026-08-14 06:00:26.144] [error] [LM Studio] Model load size estimate with raw num offload layers '35' and context length '8192':
  Model: 6.75 GB
  Context: 733.94 MB
  Total: 7.48 GB
[2026-08-14 06:00:26.144] [error] [LM Studio] Strict GPU VRAM cap is OFF: GPU offload layers will not be checked for adjustment
[2026-08-14 06:00:26.144] [error] [LM Studio] Resolved GPU config options:
  Num Offload Layers: 35
  Num CPU Expert Layers: 0
  Main GPU: 0
  Tensor Split: [0]
  Disabled GPUs: []
[2026-08-14 06:00:26.758] [error] [LM Studio] GPU Configuration:
  Strategy: evenly
  Priority: []
  Disabled GPUs: []
  Limit weight offload to dedicated GPU Memory: OFF
  Offload KV Cache to GPU: ON
[2026-08-14 06:00:26.957] [error] [LM Studio] Live GPU memory info (source 'LMS Core'):
  GPU 0: NVIDIA GeForce RTX 3060 (Used: 10.96 GB, Total: 12.88 GB, Free: 1.93 GB)
[2026-08-14 06:00:26.958] [error] [LM Studio] Model load size estimate with raw num offload layers '35' and context length '8192':
  Model: 6.75 GB
  Context: 733.94 MB
  Total: 7.48 GB
[2026-08-14 06:00:26.958] [error] [LM Studio] Strict GPU VRAM cap is OFF: GPU offload layers will not be checked for adjustment
[2026-08-14 06:00:26.958] [error] [LM Studio] Resolved GPU config options:
  Num Offload Layers: 35
  Num CPU Expert Layers: 0
  Main GPU: 0
  Tensor Split: [0]
  Disabled GPUs: []
[2026-08-14 06:00:27.597] [error] [LM Studio] GPU Configuration:
  Strategy: evenly
  Priority: []
  Disabled GPUs: []
  Limit weight offload to dedicated GPU Memory: OFF
  Offload KV Cache to GPU: ON
[2026-08-14 06:00:27.792] [error] [LM Studio] Live GPU memory info (source 'LMS Core'):
  GPU 0: NVIDIA GeForce RTX 3060 (Used: 10.96 GB, Total: 12.88 GB, Free: 1.92 GB)
[2026-08-14 06:00:27.793] [error] [LM Studio] Model load size estimate with raw num offload layers '35' and context length '8192':
  Model: 6.75 GB
  Context: 733.94 MB
  Total: 7.48 GB
[2026-08-14 06:00:27.793] [error] [LM Studio] Strict GPU VRAM cap is OFF: GPU offload layers will not be checked for adjustment
[2026-08-14 06:00:27.793] [error] [LM Studio] Resolved GPU config options:
  Num Offload Layers: 35
  Num CPU Expert Layers: 0
  Main GPU: 0
  Tensor Split: [0]
  Disabled GPUs: []
[2026-08-14 06:00:28.381] [error] [LM Studio] GPU Configuration:
  Strategy: evenly
  Priority: []
  Disabled GPUs: []
  Limit weight offload to dedicated GPU Memory: OFF
  Offload KV Cache to GPU: ON
[2026-08-14 06:00:28.578] [error] [LM Studio] Live GPU memory info (source 'LMS Core'):
  GPU 0: NVIDIA GeForce RTX 3060 (Used: 10.95 GB, Total: 12.88 GB, Free: 1.93 GB)
[2026-08-14 06:00:28.579] [error] [LM Studio] Model load size estimate with raw num offload layers '35' and context length '8192':
  Model: 6.75 GB
  Context: 733.94 MB
  Total: 7.48 GB
[2026-08-14 06:00:28.579] [error] [LM Studio] Strict GPU VRAM cap is OFF: GPU offload layers will not be checked for adjustment
[2026-08-14 06:00:28.579] [error] [LM Studio] Resolved GPU config options:
  Num Offload Layers: 35
  Num CPU Expert Layers: 0
  Main GPU: 0
  Tensor Split: [0]
  Disabled GPUs: []
[2026-08-14 06:00:29.192] [error] [LM Studio] GPU Configuration:
  Strategy: evenly
  Priority: []
  Disabled GPUs: []
  Limit weight offload to dedicated GPU Memory: OFF
  Offload KV Cache to GPU: ON
[2026-08-14 06:00:29.405] [error] [LM Studio] Live GPU memory info (source 'LMS Core'):
  GPU 0: NVIDIA GeForce RTX 3060 (Used: 10.95 GB, Total: 12.88 GB, Free: 1.93 GB)
[2026-08-14 06:00:29.406] [error] [LM Studio] Model load size estimate with raw num offload layers '35' and context length '8192':
  Model: 6.75 GB
  Context: 733.94 MB
  Total: 7.48 GB
[2026-08-14 06:00:29.406] [error] [LM Studio] Strict GPU VRAM cap is OFF: GPU offload layers will not be checked for adjustment
[2026-08-14 06:00:29.406] [error] [LM Studio] Resolved GPU config options:
  Num Offload Layers: 35
  Num CPU Expert Layers: 0
  Main GPU: 0
  Tensor Split: [0]
  Disabled GPUs: []
[2026-08-14 06:01:00.317] [error] [LMSInternal][LMSAuthenticator][Client=LM Studio][Endpoint=artifactDownloadResolutionSelectedDownloadOptionIndex] Error in writable signal handler: Error: Artifact download resolution task not found: qFpqsqkGlvZbZ4intv6kV3T4
    at _0x3caae3.getArtifactDownloadResolutionSelectedDownloadOptionIndexWritableSignal (/opt/LM-Studio/resources/app/.webpack/main/index.js:821:8038)
    at _0x215b9e.MultiplexedArtifactResolutionProvider.getArtifactDownloadResolutionSelectedDownloadOptionIndexWritableSignal (/opt/LM-Studio/resources/app/.webpack/main/index.js:369:36292)
    at Object.handler (/opt/LM-Studio/resources/app/.webpack/main/index.js:641:126933)
    at /opt/LM-Studio/resources/app/.webpack/main/index.js:1672:236
[2026-08-14 06:01:01.918] [error] [LMSInternal][LMSAuthenticator][Client=LM Studio][Endpoint=artifactDownloadResolutionSelectedDownloadOptionIndex] Error in writable signal handler: Error: Artifact download resolution task not found: TkHD/mdgnRFvVElWOh+DwySj
    at _0x3caae3.getArtifactDownloadResolutionSelectedDownloadOptionIndexWritableSignal (/opt/LM-Studio/resources/app/.webpack/main/index.js:821:8038)
    at _0x215b9e.MultiplexedArtifactResolutionProvider.getArtifactDownloadResolutionSelectedDownloadOptionIndexWritableSignal (/opt/LM-Studio/resources/app/.webpack/main/index.js:369:36292)
    at Object.handler (/opt/LM-Studio/resources/app/.webpack/main/index.js:641:126933)
    at /opt/LM-Studio/resources/app/.webpack/main/index.js:1672:236
[2026-08-14 06:01:02.987] [error] [LMSInternal][LMSAuthenticator][Client=LM Studio][Endpoint=artifactDownloadResolutionSelectedDownloadOptionIndex] Error in writable signal handler: Error: Artifact download resolution task not found: 7R9iwrc5eWr4lUDoO+4nPXyD
    at _0x3caae3.getArtifactDownloadResolutionSelectedDownloadOptionIndexWritableSignal (/opt/LM-Studio/resources/app/.webpack/main/index.js:821:8038)
    at _0x215b9e.MultiplexedArtifactResolutionProvider.getArtifactDownloadResolutionSelectedDownloadOptionIndexWritableSignal (/opt/LM-Studio/resources/app/.webpack/main/index.js:369:36292)
    at Object.handler (/opt/LM-Studio/resources/app/.webpack/main/index.js:641:126933)
    at /opt/LM-Studio/resources/app/.webpack/main/index.js:1672:236
[2026-08-14 06:01:04.991] [error] [LMSInternal][LMSAuthenticator][Client=LM Studio][Endpoint=artifactDownloadResolutionSelectedDownloadOptionIndex] Error in writable signal handler: Error: Artifact download resolution task not found: gXSB8h8H+ukpOF0imw+nzAFX
    at _0x3caae3.getArtifactDownloadResolutionSelectedDownloadOptionIndexWritableSignal (/opt/LM-Studio/resources/app/.webpack/main/index.js:821:8038)
    at _0x215b9e.MultiplexedArtifactResolutionProvider.getArtifactDownloadResolutionSelectedDownloadOptionIndexWritableSignal (/opt/LM-Studio/resources/app/.webpack/main/index.js:369:36292)
    at Object.handler (/opt/LM-Studio/resources/app/.webpack/main/index.js:641:126933)
    at /opt/LM-Studio/resources/app/.webpack/main/index.js:1672:236
[2026-08-14 06:01:13.498] [error] [LMSInternal][LMSAuthenticator][Client=LM Studio][Endpoint=artifactDownloadResolutionSelectedDownloadOptionIndex] Error in writable signal handler: Error: Artifact download resolution task not found: qQbYdp8ttTRQ35XmFZIhsggY
    at _0x3caae3.getArtifactDownloadResolutionSelectedDownloadOptionIndexWritableSignal (/opt/LM-Studio/resources/app/.webpack/main/index.js:821:8038)
    at _0x215b9e.MultiplexedArtifactResolutionProvider.getArtifactDownloadResolutionSelectedDownloadOptionIndexWritableSignal (/opt/LM-Studio/resources/app/.webpack/main/index.js:369:36292)
    at Object.handler (/opt/LM-Studio/resources/app/.webpack/main/index.js:641:126933)
    at /opt/LM-Studio/resources/app/.webpack/main/index.js:1672:236
[2026-08-14 06:01:14.926] [error] [LMSInternal][LMSAuthenticator][Client=LM Studio][Endpoint=artifactDownloadResolutionSelectedDownloadOptionIndex] Error in writable signal handler: Error: Artifact download resolution task not found: o6kt+MOoU2FOsFdNRI103cXU
    at _0x3caae3.getArtifactDownloadResolutionSelectedDownloadOptionIndexWritableSignal (/opt/LM-Studio/resources/app/.webpack/main/index.js:821:8038)
    at _0x215b9e.MultiplexedArtifactResolutionProvider.getArtifactDownloadResolutionSelectedDownloadOptionIndexWritableSignal (/opt/LM-Studio/resources/app/.webpack/main/index.js:369:36292)
    at Object.handler (/opt/LM-Studio/resources/app/.webpack/main/index.js:641:126933)
    at /opt/LM-Studio/resources/app/.webpack/main/index.js:1672:236
[2026-08-14 06:01:18.527] [error] [LMSInternal][LMSAuthenticator][Client=LM Studio][Endpoint=artifactDownloadResolutionSelectedDownloadOptionIndex] Error in writable signal handler: Error: Artifact download resolution task not found: UsxKrN0RqB11+1SE95JLdkvL
    at _0x3caae3.getArtifactDownloadResolutionSelectedDownloadOptionIndexWritableSignal (/opt/LM-Studio/resources/app/.webpack/main/index.js:821:8038)
    at _0x215b9e.MultiplexedArtifactResolutionProvider.getArtifactDownloadResolutionSelectedDownloadOptionIndexWritableSignal (/opt/LM-Studio/resources/app/.webpack/main/index.js:369:36292)
    at Object.handler (/opt/LM-Studio/resources/app/.webpack/main/index.js:641:126933)
    at /opt/LM-Studio/resources/app/.webpack/main/index.js:1672:236
[2026-08-14 06:01:24.925] [error] [LMSInternal][LMSAuthenticator][Client=LM Studio][Endpoint=artifactDownloadResolutionSelectedDownloadOptionIndex] Error in writable signal handler: Error: Artifact download resolution task not found: pijTaak1LBhWkmqc+ciXmZEg
    at _0x3caae3.getArtifactDownloadResolutionSelectedDownloadOptionIndexWritableSignal (/opt/LM-Studio/resources/app/.webpack/main/index.js:821:8038)
    at _0x215b9e.MultiplexedArtifactResolutionProvider.getArtifactDownloadResolutionSelectedDownloadOptionIndexWritableSignal (/opt/LM-Studio/resources/app/.webpack/main/index.js:369:36292)
    at Object.handler (/opt/LM-Studio/resources/app/.webpack/main/index.js:641:126933)
    at /opt/LM-Studio/resources/app/.webpack/main/index.js:1672:236
[2026-08-14 06:10:09.495] [error] [LM Studio] GPU Configuration:
  Strategy: evenly
  Priority: []
  Disabled GPUs: []
  Limit weight offload to dedicated GPU Memory: OFF
  Offload KV Cache to GPU: ON
[2026-08-14 06:10:09.754] [error] [LM Studio] Live GPU memory info (source 'LMS Core'):
  GPU 0: NVIDIA GeForce RTX 3060 (Used: 10.96 GB, Total: 12.88 GB, Free: 1.92 GB)
[2026-08-14 06:10:09.755] [error] [LM Studio] Model load size estimate with raw num offload layers '35' and context length '8192':
  Model: 6.75 GB
  Context: 733.94 MB
  Total: 7.48 GB
[2026-08-14 06:10:09.755] [error] [LM Studio] Strict GPU VRAM cap is OFF: GPU offload layers will not be checked for adjustment
[2026-08-14 06:10:09.755] [error] [LM Studio] Resolved GPU config options:
  Num Offload Layers: 35
  Num CPU Expert Layers: 0
  Main GPU: 0
  Tensor Split: [0]
  Disabled GPUs: []
[2026-08-14 06:10:10.406] [error] [LM Studio] GPU Configuration:
  Strategy: evenly
  Priority: []
  Disabled GPUs: []
  Limit weight offload to dedicated GPU Memory: OFF
  Offload KV Cache to GPU: ON
[2026-08-14 06:10:10.629] [error] [LM Studio] Live GPU memory info (source 'LMS Core'):
  GPU 0: NVIDIA GeForce RTX 3060 (Used: 10.97 GB, Total: 12.88 GB, Free: 1.92 GB)
[2026-08-14 06:10:10.630] [error] [LM Studio] Model load size estimate with raw num offload layers '35' and context length '8192':
  Model: 6.75 GB
  Context: 733.94 MB
  Total: 7.48 GB
[2026-08-14 06:10:10.630] [error] [LM Studio] Strict GPU VRAM cap is OFF: GPU offload layers will not be checked for adjustment
[2026-08-14 06:10:10.630] [error] [LM Studio] Resolved GPU config options:
  Num Offload Layers: 35
  Num CPU Expert Layers: 0
  Main GPU: 0
  Tensor Split: [0]
  Disabled GPUs: []
[2026-08-14 06:10:11.249] [error] [LM Studio] GPU Configuration:
  Strategy: evenly
  Priority: []
  Disabled GPUs: []
  Limit weight offload to dedicated GPU Memory: OFF
  Offload KV Cache to GPU: ON
[2026-08-14 06:10:11.451] [error] [LM Studio] Live GPU memory info (source 'LMS Core'):
  GPU 0: NVIDIA GeForce RTX 3060 (Used: 10.97 GB, Total: 12.88 GB, Free: 1.92 GB)
[2026-08-14 06:10:11.451] [error] [LM Studio] Model load size estimate with raw num offload layers '35' and context length '8192':
  Model: 6.75 GB
  Context: 733.94 MB
  Total: 7.48 GB
[2026-08-14 06:10:11.451] [error] [LM Studio] Strict GPU VRAM cap is OFF: GPU offload layers will not be checked for adjustment
[2026-08-14 06:10:11.451] [error] [LM Studio] Resolved GPU config options:
  Num Offload Layers: 35
  Num CPU Expert Layers: 0
  Main GPU: 0
  Tensor Split: [0]
  Disabled GPUs: []
[2026-08-14 06:10:12.103] [error] [LM Studio] GPU Configuration:
  Strategy: evenly
  Priority: []
  Disabled GPUs: []
  Limit weight offload to dedicated GPU Memory: OFF
  Offload KV Cache to GPU: ON
[2026-08-14 06:10:12.305] [error] [LM Studio] Live GPU memory info (source 'LMS Core'):
  GPU 0: NVIDIA GeForce RTX 3060 (Used: 10.97 GB, Total: 12.88 GB, Free: 1.92 GB)
[2026-08-14 06:10:12.305] [error] [LM Studio] Model load size estimate with raw num offload layers '35' and context length '8192':
  Model: 6.75 GB
  Context: 733.94 MB
  Total: 7.48 GB
[2026-08-14 06:10:12.305] [error] [LM Studio] Strict GPU VRAM cap is OFF: GPU offload layers will not be checked for adjustment
[2026-08-14 06:10:12.305] [error] [LM Studio] Resolved GPU config options:
  Num Offload Layers: 35
  Num CPU Expert Layers: 0
  Main GPU: 0
  Tensor Split: [0]
  Disabled GPUs: []
[2026-08-14 06:10:12.912] [error] [LM Studio] GPU Configuration:
  Strategy: evenly
  Priority: []
  Disabled GPUs: []
  Limit weight offload to dedicated GPU Memory: OFF
  Offload KV Cache to GPU: ON
[2026-08-14 06:10:13.116] [error] [LM Studio] Live GPU memory info (source 'LMS Core'):
  GPU 0: NVIDIA GeForce RTX 3060 (Used: 10.97 GB, Total: 12.88 GB, Free: 1.92 GB)
[2026-08-14 06:10:13.116] [error] [LM Studio] Model load size estimate with raw num offload layers '35' and context length '8192':
  Model: 6.75 GB
  Context: 733.94 MB
  Total: 7.48 GB
[2026-08-14 06:10:13.116] [error] [LM Studio] Strict GPU VRAM cap is OFF: GPU offload layers will not be checked for adjustment
[2026-08-14 06:10:13.117] [error] [LM Studio] Resolved GPU config options:
  Num Offload Layers: 35
  Num CPU Expert Layers: 0
  Main GPU: 0
  Tensor Split: [0]
  Disabled GPUs: []
[2026-08-14 06:10:13.728] [error] [LM Studio] GPU Configuration:
  Strategy: evenly
  Priority: []
  Disabled GPUs: []
  Limit weight offload to dedicated GPU Memory: OFF
  Offload KV Cache to GPU: ON
[2026-08-14 06:10:13.922] [error] [LM Studio] Live GPU memory info (source 'LMS Core'):
  GPU 0: NVIDIA GeForce RTX 3060 (Used: 10.98 GB, Total: 12.88 GB, Free: 1.91 GB)
[2026-08-14 06:10:13.922] [error] [LM Studio] Model load size estimate with raw num offload layers '35' and context length '8192':
  Model: 6.75 GB
  Context: 733.94 MB
  Total: 7.48 GB
[2026-08-14 06:10:13.922] [error] [LM Studio] Strict GPU VRAM cap is OFF: GPU offload layers will not be checked for adjustment
[2026-08-14 06:10:13.923] [error] [LM Studio] Resolved GPU config options:
  Num Offload Layers: 35
  Num CPU Expert Layers: 0
  Main GPU: 0
  Tensor Split: [0]
  Disabled GPUs: []
[2026-08-14 06:10:16.528] [error] [LM Studio] GPU Configuration:
  Strategy: evenly
  Priority: []
  Disabled GPUs: []
  Limit weight offload to dedicated GPU Memory: OFF
  Offload KV Cache to GPU: ON
[2026-08-14 06:10:16.710] [error] [LM Studio] Live GPU memory info (source 'LMS Core'):
  GPU 0: NVIDIA GeForce RTX 3060 (Used: 1.77 GB, Total: 12.88 GB, Free: 11.11 GB)
[2026-08-14 06:10:16.711] [error] [LM Studio] Model load size estimate with raw num offload layers '46' and context length '8192':
  Model: 8.87 GB
  Context: 963.60 MB
  Total: 9.84 GB
[2026-08-14 06:10:16.711] [error] [LM Studio] Strict GPU VRAM cap is OFF: GPU offload layers will not be checked for adjustment
[2026-08-14 06:10:16.711] [error] [LM Studio] Resolved GPU config options:
  Num Offload Layers: 46
  Num CPU Expert Layers: 0
  Main GPU: 0
  Tensor Split: [0]
  Disabled GPUs: []
[2026-08-14 06:10:19.765] [error] [LMSInternal][LMSAuthenticator][Client=LM Studio][Endpoint=artifactDownloadResolutionSelectedDownloadOptionIndex] Error in writable signal handler: Error: Artifact download resolution task not found: nLpD5VD9dMXtplbwZK2hKFYH
    at _0x3caae3.getArtifactDownloadResolutionSelectedDownloadOptionIndexWritableSignal (/opt/LM-Studio/resources/app/.webpack/main/index.js:821:8038)
    at _0x215b9e.MultiplexedArtifactResolutionProvider.getArtifactDownloadResolutionSelectedDownloadOptionIndexWritableSignal (/opt/LM-Studio/resources/app/.webpack/main/index.js:369:36292)
    at Object.handler (/opt/LM-Studio/resources/app/.webpack/main/index.js:641:126933)
    at /opt/LM-Studio/resources/app/.webpack/main/index.js:1672:236
[2026-08-14 06:10:31.265] [error] [LM Studio] GPU Configuration:
  Strategy: evenly
  Priority: []
  Disabled GPUs: []
  Limit weight offload to dedicated GPU Memory: OFF
  Offload KV Cache to GPU: ON
[2026-08-14 06:10:31.627] [error] [LM Studio] Live GPU memory info (source 'LMS Core'):
  GPU 0: NVIDIA GeForce RTX 3060 (Used: 11.57 GB, Total: 12.88 GB, Free: 1.31 GB)
[2026-08-14 06:10:31.627] [error] [LM Studio] Model load size estimate with raw num offload layers '41' and context length '8192':
  Model: 7.91 GB
  Context: 859.22 MB
  Total: 8.77 GB
[2026-08-14 06:10:31.628] [error] [LM Studio] Strict GPU VRAM cap is OFF: GPU offload layers will not be checked for adjustment
[2026-08-14 06:10:31.628] [error] [LM Studio] Resolved GPU config options:
  Num Offload Layers: 41
  Num CPU Expert Layers: 0
  Main GPU: 0
  Tensor Split: [0]
  Disabled GPUs: []
[2026-08-14 06:10:32.227] [error] [LM Studio] GPU Configuration:
  Strategy: evenly
  Priority: []
  Disabled GPUs: []
  Limit weight offload to dedicated GPU Memory: OFF
  Offload KV Cache to GPU: ON
[2026-08-14 06:10:32.438] [error] [LM Studio] Live GPU memory info (source 'LMS Core'):
  GPU 0: NVIDIA GeForce RTX 3060 (Used: 11.56 GB, Total: 12.88 GB, Free: 1.33 GB)
[2026-08-14 06:10:32.438] [error] [LM Studio] Model load size estimate with raw num offload layers '41' and context length '8192':
  Model: 7.91 GB
  Context: 859.22 MB
  Total: 8.77 GB
[2026-08-14 06:10:32.438] [error] [LM Studio] Strict GPU VRAM cap is OFF: GPU offload layers will not be checked for adjustment
[2026-08-14 06:10:32.438] [error] [LM Studio] Resolved GPU config options:
  Num Offload Layers: 41
  Num CPU Expert Layers: 0
  Main GPU: 0
  Tensor Split: [0]
  Disabled GPUs: []
[2026-08-14 06:10:33.044] [error] [LM Studio] GPU Configuration:
  Strategy: evenly
  Priority: []
  Disabled GPUs: []
  Limit weight offload to dedicated GPU Memory: OFF
  Offload KV Cache to GPU: ON
[2026-08-14 06:10:33.245] [error] [LM Studio] Live GPU memory info (source 'LMS Core'):
  GPU 0: NVIDIA GeForce RTX 3060 (Used: 11.56 GB, Total: 12.88 GB, Free: 1.33 GB)
[2026-08-14 06:10:33.245] [error] [LM Studio] Model load size estimate with raw num offload layers '41' and context length '8192':
  Model: 7.91 GB
  Context: 859.22 MB
  Total: 8.77 GB
[2026-08-14 06:10:33.245] [error] [LM Studio] Strict GPU VRAM cap is OFF: GPU offload layers will not be checked for adjustment
[2026-08-14 06:10:33.245] [error] [LM Studio] Resolved GPU config options:
  Num Offload Layers: 41
  Num CPU Expert Layers: 0
  Main GPU: 0
  Tensor Split: [0]
  Disabled GPUs: []
[2026-08-14 06:10:33.908] [error] [LM Studio] GPU Configuration:
  Strategy: evenly
  Priority: []
  Disabled GPUs: []
  Limit weight offload to dedicated GPU Memory: OFF
  Offload KV Cache to GPU: ON
[2026-08-14 06:10:34.140] [error] [LM Studio] Live GPU memory info (source 'LMS Core'):
  GPU 0: NVIDIA GeForce RTX 3060 (Used: 11.56 GB, Total: 12.88 GB, Free: 1.33 GB)
[2026-08-14 06:10:34.141] [error] [LM Studio] Model load size estimate with raw num offload layers '41' and context length '8192':
  Model: 7.91 GB
  Context: 859.22 MB
  Total: 8.77 GB
[2026-08-14 06:10:34.141] [error] [LM Studio] Strict GPU VRAM cap is OFF: GPU offload layers will not be checked for adjustment
[2026-08-14 06:10:34.141] [error] [LM Studio] Resolved GPU config options:
  Num Offload Layers: 41
  Num CPU Expert Layers: 0
  Main GPU: 0
  Tensor Split: [0]
  Disabled GPUs: []
[2026-08-14 06:10:34.764] [error] [LM Studio] GPU Configuration:
  Strategy: evenly
  Priority: []
  Disabled GPUs: []
  Limit weight offload to dedicated GPU Memory: OFF
  Offload KV Cache to GPU: ON
[2026-08-14 06:10:34.970] [error] [LM Studio] Live GPU memory info (source 'LMS Core'):
  GPU 0: NVIDIA GeForce RTX 3060 (Used: 11.56 GB, Total: 12.88 GB, Free: 1.33 GB)
[2026-08-14 06:10:34.970] [error] [LM Studio] Model load size estimate with raw num offload layers '41' and context length '8192':
  Model: 7.91 GB
  Context: 859.22 MB
  Total: 8.77 GB
[2026-08-14 06:10:34.970] [error] [LM Studio] Strict GPU VRAM cap is OFF: GPU offload layers will not be checked for adjustment
[2026-08-14 06:10:34.971] [error] [LM Studio] Resolved GPU config options:
  Num Offload Layers: 41
  Num CPU Expert Layers: 0
  Main GPU: 0
  Tensor Split: [0]
  Disabled GPUs: []
[2026-08-14 06:10:35.585] [error] [LM Studio] GPU Configuration:
  Strategy: evenly
  Priority: []
  Disabled GPUs: []
  Limit weight offload to dedicated GPU Memory: OFF
  Offload KV Cache to GPU: ON
[2026-08-14 06:10:35.792] [error] [LM Studio] Live GPU memory info (source 'LMS Core'):
  GPU 0: NVIDIA GeForce RTX 3060 (Used: 11.55 GB, Total: 12.88 GB, Free: 1.33 GB)
[2026-08-14 06:10:35.792] [error] [LM Studio] Model load size estimate with raw num offload layers '41' and context length '8192':
  Model: 7.91 GB
  Context: 859.22 MB
  Total: 8.77 GB
[2026-08-14 06:10:35.792] [error] [LM Studio] Strict GPU VRAM cap is OFF: GPU offload layers will not be checked for adjustment
[2026-08-14 06:10:35.792] [error] [LM Studio] Resolved GPU config options:
  Num Offload Layers: 41
  Num CPU Expert Layers: 0
  Main GPU: 0
  Tensor Split: [0]
  Disabled GPUs: []
[2026-08-14 06:11:25.921] [error] [LM Studio] GPU Configuration:
  Strategy: evenly
  Priority: []
  Disabled GPUs: []
  Limit weight offload to dedicated GPU Memory: OFF
  Offload KV Cache to GPU: ON
[2026-08-14 06:11:26.188] [error] [LM Studio] Live GPU memory info (source 'LMS Core'):
  GPU 0: NVIDIA GeForce RTX 3060 (Used: 1.68 GB, Total: 12.88 GB, Free: 11.20 GB)
[2026-08-14 06:11:26.189] [error] [LM Studio] Model load size estimate with raw num offload layers '46' and context length '8192':
  Model: 8.87 GB
  Context: 963.61 MB
  Total: 9.84 GB
[2026-08-14 06:11:26.189] [error] [LM Studio] Strict GPU VRAM cap is OFF: GPU offload layers will not be checked for adjustment
[2026-08-14 06:11:26.189] [error] [LM Studio] Resolved GPU config options:
  Num Offload Layers: 46
  Num CPU Expert Layers: 0
  Main GPU: 0
  Tensor Split: [0]
  Disabled GPUs: []
[2026-08-14 06:13:24.815] [error] [LMSInternal][LMSAuthenticator][Client=LM Studio][Endpoint=predict] Error in channel handler: Error: Engine protocol predict stream returned an error: {"code":500,"message":"Context size has been exceeded.","type":"server_error"}
    at _0x397ab5.<computed>.extractStandardChatCompletionStreamUpdate (/opt/LM-Studio/resources/app/.webpack/main/index.js:243:88263)
    at _0x397ab5.<computed>.processEvent (/opt/LM-Studio/resources/app/.webpack/main/index.js:243:82053)
    at onEvent (/opt/LM-Studio/resources/app/.webpack/main/index.js:243:57638)
    at _0x203337.<computed> (/opt/LM-Studio/resources/app/.webpack/main/index.js:243:52263)
    at process.processTicksAndRejections (node:internal/process/task_queues:105:5)
    at async _0x2781e0.<computed>.streamPrediction (/opt/LM-Studio/resources/app/.webpack/main/index.js:243:57352)
    at async _0x59d9ba.<computed>.streamPrediction (/opt/LM-Studio/resources/app/.webpack/main/index.js:243:19470)
    at async _0x59d9ba.<computed>.predict (/opt/LM-Studio/resources/app/.webpack/main/index.js:243:17113)
    at async _0xbbecc5.EngineProtocolClient.predict (/opt/LM-Studio/resources/app/.webpack/main/index.js:239:41710)
    at async run (/opt/LM-Studio/resources/app/.webpack/main/index.js:320:14850)
[2026-08-14 06:13:24.817] [error] [LMSInternal][LMSAuthenticator][Client=LM Studio][Endpoint=predict] Error in channel handler: Error: Engine protocol predict stream returned an error: {"code":500,"message":"Context size has been exceeded.","type":"server_error"}
    at _0x397ab5.<computed>.extractStandardChatCompletionStreamUpdate (/opt/LM-Studio/resources/app/.webpack/main/index.js:243:88263)
    at _0x397ab5.<computed>.processEvent (/opt/LM-Studio/resources/app/.webpack/main/index.js:243:82053)
    at onEvent (/opt/LM-Studio/resources/app/.webpack/main/index.js:243:57638)
    at _0x203337.<computed> (/opt/LM-Studio/resources/app/.webpack/main/index.js:243:52263)
    at process.processTicksAndRejections (node:internal/process/task_queues:105:5)
    at async _0x2781e0.<computed>.streamPrediction (/opt/LM-Studio/resources/app/.webpack/main/index.js:243:57352)
    at async _0x59d9ba.<computed>.streamPrediction (/opt/LM-Studio/resources/app/.webpack/main/index.js:243:19470)
    at async _0x59d9ba.<computed>.predict (/opt/LM-Studio/resources/app/.webpack/main/index.js:243:17113)
    at async _0xbbecc5.EngineProtocolClient.predict (/opt/LM-Studio/resources/app/.webpack/main/index.js:239:41710)
    at async run (/opt/LM-Studio/resources/app/.webpack/main/index.js:320:14850)
[2026-08-14 06:13:24.818] [error] [LMSInternal][LMSAuthenticator][Client=LM Studio][Endpoint=predict] Error in channel handler: Error: Engine protocol predict stream returned an error: {"code":500,"message":"Context size has been exceeded.","type":"server_error"}
    at _0x397ab5.<computed>.extractStandardChatCompletionStreamUpdate (/opt/LM-Studio/resources/app/.webpack/main/index.js:243:88263)
    at _0x397ab5.<computed>.processEvent (/opt/LM-Studio/resources/app/.webpack/main/index.js:243:82053)
    at onEvent (/opt/LM-Studio/resources/app/.webpack/main/index.js:243:57638)
    at _0x203337.<computed> (/opt/LM-Studio/resources/app/.webpack/main/index.js:243:52263)
    at process.processTicksAndRejections (node:internal/process/task_queues:105:5)
    at async _0x2781e0.<computed>.streamPrediction (/opt/LM-Studio/resources/app/.webpack/main/index.js:243:57352)
    at async _0x59d9ba.<computed>.streamPrediction (/opt/LM-Studio/resources/app/.webpack/main/index.js:243:19470)
    at async _0x59d9ba.<computed>.predict (/opt/LM-Studio/resources/app/.webpack/main/index.js:243:17828)
    at async _0xbbecc5.EngineProtocolClient.predict (/opt/LM-Studio/resources/app/.webpack/main/index.js:239:41710)
    at async run (/opt/LM-Studio/resources/app/.webpack/main/index.js:320:14850)
[2026-08-14 06:16:32.566] [error] [LM Studio] GPU Configuration:
  Strategy: evenly
  Priority: []
  Disabled GPUs: []
  Limit weight offload to dedicated GPU Memory: OFF
  Offload KV Cache to GPU: ON
[2026-08-14 06:16:32.843] [error] [LM Studio] Live GPU memory info (source 'LMS Core'):
  GPU 0: NVIDIA GeForce RTX 3060 (Used: 11.59 GB, Total: 12.88 GB, Free: 1.29 GB)
[2026-08-14 06:16:32.843] [error] [LM Studio] Model load size estimate with raw num offload layers '32' and context length '8192':
  Model: 7.72 GB
  Context: 309.80 MB
  Total: 8.03 GB
[2026-08-14 06:16:32.844] [error] [LM Studio] Strict GPU VRAM cap is OFF: GPU offload layers will not be checked for adjustment
[2026-08-14 06:16:32.844] [error] [LM Studio] Resolved GPU config options:
  Num Offload Layers: 32
  Num CPU Expert Layers: 0
  Main GPU: 0
  Tensor Split: [0]
  Disabled GPUs: []
[2026-08-14 06:16:33.960] [error] [LM Studio] GPU Configuration:
  Strategy: evenly
  Priority: []
  Disabled GPUs: []
  Limit weight offload to dedicated GPU Memory: OFF
  Offload KV Cache to GPU: ON
[2026-08-14 06:16:34.199] [error] [LM Studio] Live GPU memory info (source 'LMS Core'):
  GPU 0: NVIDIA GeForce RTX 3060 (Used: 11.60 GB, Total: 12.88 GB, Free: 1.29 GB)
[2026-08-14 06:16:34.200] [error] [LM Studio] Model load size estimate with raw num offload layers '32' and context length '8192':
  Model: 7.72 GB
  Context: 309.80 MB
  Total: 8.03 GB
[2026-08-14 06:16:34.200] [error] [LM Studio] Strict GPU VRAM cap is OFF: GPU offload layers will not be checked for adjustment
[2026-08-14 06:16:34.200] [error] [LM Studio] Resolved GPU config options:
  Num Offload Layers: 32
  Num CPU Expert Layers: 0
  Main GPU: 0
  Tensor Split: [0]
  Disabled GPUs: []
[2026-08-14 06:16:35.160] [error] [LM Studio] GPU Configuration:
  Strategy: evenly
  Priority: []
  Disabled GPUs: []
  Limit weight offload to dedicated GPU Memory: OFF
  Offload KV Cache to GPU: ON
[2026-08-14 06:16:35.356] [error] [LM Studio] Live GPU memory info (source 'LMS Core'):
  GPU 0: NVIDIA GeForce RTX 3060 (Used: 11.59 GB, Total: 12.88 GB, Free: 1.30 GB)
[2026-08-14 06:16:35.356] [error] [LM Studio] Model load size estimate with raw num offload layers '32' and context length '8192':
  Model: 7.72 GB
  Context: 309.80 MB
  Total: 8.03 GB
[2026-08-14 06:16:35.356] [error] [LM Studio] Strict GPU VRAM cap is OFF: GPU offload layers will not be checked for adjustment
[2026-08-14 06:16:35.356] [error] [LM Studio] Resolved GPU config options:
  Num Offload Layers: 32
  Num CPU Expert Layers: 0
  Main GPU: 0
  Tensor Split: [0]
  Disabled GPUs: []
[2026-08-14 06:16:36.331] [error] E [LMSExternal] [LMSAuthenticator][Client=lms-cli][Endpoint=loadModel] Error in channel handler: Error: Engine protocol runtime llama-server for AZjdaSsHp0Jq9wlnM2Yekdj3 exited before becoming healthy. exitCode=1, signal=null
    at ChildProcess._0x3ba02c (/opt/LM-Studio/resources/app/.webpack/main/index.js:243:28)
    at Object.onceWrapper (node:events:634:26)
    at ChildProcess.emit (node:events:531:35)
    at ChildProcess._handle.onexit (node:internal/child_process:293:12)
    at Process.callbackTrampoline (node:internal/async_hooks:130:17)
[2026-08-14 06:16:49.462] [error] [LMSInternal][LMSAuthenticator][Client=LM Studio][Endpoint=artifactDownloadResolutionSelectedDownloadOptionIndex] Error in writable signal handler: Error: Artifact download resolution task not found: bQnSSc0ppHYrvd6uhX5E7YoR
    at _0x3caae3.getArtifactDownloadResolutionSelectedDownloadOptionIndexWritableSignal (/opt/LM-Studio/resources/app/.webpack/main/index.js:821:8038)
    at _0x215b9e.MultiplexedArtifactResolutionProvider.getArtifactDownloadResolutionSelectedDownloadOptionIndexWritableSignal (/opt/LM-Studio/resources/app/.webpack/main/index.js:369:36292)
    at Object.handler (/opt/LM-Studio/resources/app/.webpack/main/index.js:641:126933)
    at /opt/LM-Studio/resources/app/.webpack/main/index.js:1672:236
[2026-08-14 06:16:50.026] [error] [LMSInternal][LMSAuthenticator][Client=LM Studio][Endpoint=artifactDownloadResolutionSelectedDownloadOptionIndex] Error in writable signal handler: Error: Artifact download resolution task not found: tWS/pK03rndb6JR5BRi9oxDu
    at _0x3caae3.getArtifactDownloadResolutionSelectedDownloadOptionIndexWritableSignal (/opt/LM-Studio/resources/app/.webpack/main/index.js:821:8038)
    at _0x215b9e.MultiplexedArtifactResolutionProvider.getArtifactDownloadResolutionSelectedDownloadOptionIndexWritableSignal (/opt/LM-Studio/resources/app/.webpack/main/index.js:369:36292)
    at Object.handler (/opt/LM-Studio/resources/app/.webpack/main/index.js:641:126933)
    at /opt/LM-Studio/resources/app/.webpack/main/index.js:1672:236
[2026-08-14 06:16:57.146] [error] [LMSInternal][LMSAuthenticator][Client=LM Studio][Endpoint=artifactDownloadResolutionSelectedDownloadOptionIndex] Error in writable signal handler: Error: Artifact download resolution task not found: 1JQ4bjL8OiZN+ynE2L381LiY
    at _0x3caae3.getArtifactDownloadResolutionSelectedDownloadOptionIndexWritableSignal (/opt/LM-Studio/resources/app/.webpack/main/index.js:821:8038)
    at _0x215b9e.MultiplexedArtifactResolutionProvider.getArtifactDownloadResolutionSelectedDownloadOptionIndexWritableSignal (/opt/LM-Studio/resources/app/.webpack/main/index.js:369:36292)
    at Object.handler (/opt/LM-Studio/resources/app/.webpack/main/index.js:641:126933)
    at /opt/LM-Studio/resources/app/.webpack/main/index.js:1672:236
[2026-08-14 06:16:59.322] [error] [LMSInternal][LMSAuthenticator][Client=LM Studio][Endpoint=artifactDownloadResolutionSelectedDownloadOptionIndex] Error in writable signal handler: Error: Artifact download resolution task not found: vl9vYLRCdMAiAVELC4Rib0An
    at _0x3caae3.getArtifactDownloadResolutionSelectedDownloadOptionIndexWritableSignal (/opt/LM-Studio/resources/app/.webpack/main/index.js:821:8038)
    at _0x215b9e.MultiplexedArtifactResolutionProvider.getArtifactDownloadResolutionSelectedDownloadOptionIndexWritableSignal (/opt/LM-Studio/resources/app/.webpack/main/index.js:369:36292)
    at Object.handler (/opt/LM-Studio/resources/app/.webpack/main/index.js:641:126933)
    at /opt/LM-Studio/resources/app/.webpack/main/index.js:1672:236
[2026-08-14 06:17:01.011] [error] [LMSInternal][LMSAuthenticator][Client=LM Studio][Endpoint=artifactDownloadResolutionSelectedDownloadOptionIndex] Error in writable signal handler: Error: Artifact download resolution task not found: Hi2TJq2hExkwl8wrn1vBImU6
    at _0x3caae3.getArtifactDownloadResolutionSelectedDownloadOptionIndexWritableSignal (/opt/LM-Studio/resources/app/.webpack/main/index.js:821:8038)
    at _0x215b9e.MultiplexedArtifactResolutionProvider.getArtifactDownloadResolutionSelectedDownloadOptionIndexWritableSignal (/opt/LM-Studio/resources/app/.webpack/main/index.js:369:36292)
    at Object.handler (/opt/LM-Studio/resources/app/.webpack/main/index.js:641:126933)
    at /opt/LM-Studio/resources/app/.webpack/main/index.js:1672:236
[2026-08-14 06:17:05.566] [error] [LMSInternal][LMSAuthenticator][Client=LM Studio][Endpoint=artifactDownloadResolutionSelectedDownloadOptionIndex] Error in writable signal handler: Error: Artifact download resolution task not found: jxDzVzRs2xBewRHKBPWilKQd
    at _0x3caae3.getArtifactDownloadResolutionSelectedDownloadOptionIndexWritableSignal (/opt/LM-Studio/resources/app/.webpack/main/index.js:821:8038)
    at _0x215b9e.MultiplexedArtifactResolutionProvider.getArtifactDownloadResolutionSelectedDownloadOptionIndexWritableSignal (/opt/LM-Studio/resources/app/.webpack/main/index.js:369:36292)
    at Object.handler (/opt/LM-Studio/resources/app/.webpack/main/index.js:641:126933)
    at /opt/LM-Studio/resources/app/.webpack/main/index.js:1672:236
[2026-08-14 06:17:10.074] [error] [LMSInternal][LMSAuthenticator][Client=LM Studio][Endpoint=artifactDownloadResolutionSelectedDownloadOptionIndex] Error in writable signal handler: Error: Artifact download resolution task not found: 454pOsFwmyhJAAzJ6ivpzCon
    at _0x3caae3.getArtifactDownloadResolutionSelectedDownloadOptionIndexWritableSignal (/opt/LM-Studio/resources/app/.webpack/main/index.js:821:8038)
    at _0x215b9e.MultiplexedArtifactResolutionProvider.getArtifactDownloadResolutionSelectedDownloadOptionIndexWritableSignal (/opt/LM-Studio/resources/app/.webpack/main/index.js:369:36292)
    at Object.handler (/opt/LM-Studio/resources/app/.webpack/main/index.js:641:126933)
    at /opt/LM-Studio/resources/app/.webpack/main/index.js:1672:236
[2026-08-14 06:17:19.022] [error] [LMSInternal][LMSAuthenticator][Client=LM Studio][Endpoint=artifactDownloadResolutionSelectedDownloadOptionIndex] Error in writable signal handler: Error: Artifact download resolution task not found: 6jYJy86SGsX1pAuNmYJWwYM3
    at _0x3caae3.getArtifactDownloadResolutionSelectedDownloadOptionIndexWritableSignal (/opt/LM-Studio/resources/app/.webpack/main/index.js:821:8038)
    at _0x215b9e.MultiplexedArtifactResolutionProvider.getArtifactDownloadResolutionSelectedDownloadOptionIndexWritableSignal (/opt/LM-Studio/resources/app/.webpack/main/index.js:369:36292)
    at Object.handler (/opt/LM-Studio/resources/app/.webpack/main/index.js:641:126933)
    at /opt/LM-Studio/resources/app/.webpack/main/index.js:1672:236
[2026-08-14 06:17:20.729] [error] [LMSInternal][LMSAuthenticator][Client=LM Studio][Endpoint=artifactDownloadResolutionSelectedDownloadOptionIndex] Error in writable signal handler: Error: Artifact download resolution task not found: vaiUpLc8H2ZaLx09JpoS968w
    at _0x3caae3.getArtifactDownloadResolutionSelectedDownloadOptionIndexWritableSignal (/opt/LM-Studio/resources/app/.webpack/main/index.js:821:8038)
    at _0x215b9e.MultiplexedArtifactResolutionProvider.getArtifactDownloadResolutionSelectedDownloadOptionIndexWritableSignal (/opt/LM-Studio/resources/app/.webpack/main/index.js:369:36292)
    at Object.handler (/opt/LM-Studio/resources/app/.webpack/main/index.js:641:126933)
    at /opt/LM-Studio/resources/app/.webpack/main/index.js:1672:236
[2026-08-14 06:17:22.849] [error] [LMSInternal][LMSAuthenticator][Client=LM Studio][Endpoint=artifactDownloadResolutionSelectedDownloadOptionIndex] Error in writable signal handler: Error: Artifact download resolution task not found: B56V7BPb3vz9lKv5u5Nydlh8
    at _0x3caae3.getArtifactDownloadResolutionSelectedDownloadOptionIndexWritableSignal (/opt/LM-Studio/resources/app/.webpack/main/index.js:821:8038)
    at _0x215b9e.MultiplexedArtifactResolutionProvider.getArtifactDownloadResolutionSelectedDownloadOptionIndexWritableSignal (/opt/LM-Studio/resources/app/.webpack/main/index.js:369:36292)
    at Object.handler (/opt/LM-Studio/resources/app/.webpack/main/index.js:641:126933)
    at /opt/LM-Studio/resources/app/.webpack/main/index.js:1672:236
[2026-08-14 06:17:25.315] [error] [LMSInternal][LMSAuthenticator][Client=LM Studio][Endpoint=artifactDownloadResolutionSelectedDownloadOptionIndex] Error in writable signal handler: Error: Artifact download resolution task not found: QOB2kCwTvSSBUjkGHhKh1NmX
    at _0x3caae3.getArtifactDownloadResolutionSelectedDownloadOptionIndexWritableSignal (/opt/LM-Studio/resources/app/.webpack/main/index.js:821:8038)
    at _0x215b9e.MultiplexedArtifactResolutionProvider.getArtifactDownloadResolutionSelectedDownloadOptionIndexWritableSignal (/opt/LM-Studio/resources/app/.webpack/main/index.js:369:36292)
    at Object.handler (/opt/LM-Studio/resources/app/.webpack/main/index.js:641:126933)
    at /opt/LM-Studio/resources/app/.webpack/main/index.js:1672:236
[2026-08-14 06:17:28.641] [error] [LMSInternal][LMSAuthenticator][Client=LM Studio][Endpoint=artifactDownloadResolutionSelectedDownloadOptionIndex] Error in writable signal handler: Error: Artifact download resolution task not found: +AfnBtNGdMzcpJitPcK5s/nO
    at _0x3caae3.getArtifactDownloadResolutionSelectedDownloadOptionIndexWritableSignal (/opt/LM-Studio/resources/app/.webpack/main/index.js:821:8038)
    at _0x215b9e.MultiplexedArtifactResolutionProvider.getArtifactDownloadResolutionSelectedDownloadOptionIndexWritableSignal (/opt/LM-Studio/resources/app/.webpack/main/index.js:369:36292)
    at Object.handler (/opt/LM-Studio/resources/app/.webpack/main/index.js:641:126933)
    at /opt/LM-Studio/resources/app/.webpack/main/index.js:1672:236
[2026-08-14 06:17:58.379] [error] [LM Studio] GPU Configuration:
  Strategy: evenly
  Priority: []
  Disabled GPUs: []
  Limit weight offload to dedicated GPU Memory: OFF
  Offload KV Cache to GPU: ON
[2026-08-14 06:17:58.480] [error] [LMSInternal][LMSAuthenticator][Client=LM Studio][Endpoint=artifactDownloadResolutionSelectedDownloadOptionIndex] Error in writable signal handler: Error: Artifact download resolution task not found: Nw20Pu1xl5aGR+2Lnx5BlIJJ
    at _0x3caae3.getArtifactDownloadResolutionSelectedDownloadOptionIndexWritableSignal (/opt/LM-Studio/resources/app/.webpack/main/index.js:821:8038)
    at _0x215b9e.MultiplexedArtifactResolutionProvider.getArtifactDownloadResolutionSelectedDownloadOptionIndexWritableSignal (/opt/LM-Studio/resources/app/.webpack/main/index.js:369:36292)
    at Object.handler (/opt/LM-Studio/resources/app/.webpack/main/index.js:641:126933)
    at /opt/LM-Studio/resources/app/.webpack/main/index.js:1672:236
[2026-08-14 06:17:58.574] [error] [LM Studio] Live GPU memory info (source 'LMS Core'):
  GPU 0: NVIDIA GeForce RTX 3060 (Used: 2.17 GB, Total: 12.88 GB, Free: 10.71 GB)
[2026-08-14 06:17:58.575] [error] [LM Studio] Model load size estimate with raw num offload layers 'max' and context length '8192':
  Model: 479.06 MB
  Context: 38.88 MB
  Total: 517.94 MB
[2026-08-14 06:17:58.575] [error] [LM Studio] Strict GPU VRAM cap is OFF: GPU offload layers will not be checked for adjustment
[2026-08-14 06:17:58.575] [error] [LM Studio] Resolved GPU config options:
  Num Offload Layers: max
  Num CPU Expert Layers: 0
  Main GPU: 0
  Tensor Split: [0]
  Disabled GPUs: []
[2026-08-14 06:17:59.926] [error] [LM Studio] GPU Configuration:
  Strategy: evenly
  Priority: []
  Disabled GPUs: []
  Limit weight offload to dedicated GPU Memory: OFF
  Offload KV Cache to GPU: ON
[2026-08-14 06:18:00.111] [error] [LM Studio] Live GPU memory info (source 'LMS Core'):
  GPU 0: NVIDIA GeForce RTX 3060 (Used: 1.85 GB, Total: 12.88 GB, Free: 11.04 GB)
[2026-08-14 06:18:00.111] [error] [LM Studio] Model load size estimate with raw num offload layers 'max' and context length '8192':
  Model: 479.06 MB
  Context: 38.88 MB
  Total: 517.94 MB
[2026-08-14 06:18:00.112] [error] [LM Studio] Strict GPU VRAM cap is OFF: GPU offload layers will not be checked for adjustment
[2026-08-14 06:18:00.112] [error] [LM Studio] Resolved GPU config options:
  Num Offload Layers: max
  Num CPU Expert Layers: 0
  Main GPU: 0
  Tensor Split: [0]
  Disabled GPUs: []
[2026-08-14 06:18:01.490] [error] [LM Studio] GPU Configuration:
  Strategy: evenly
  Priority: []
  Disabled GPUs: []
  Limit weight offload to dedicated GPU Memory: OFF
  Offload KV Cache to GPU: ON
[2026-08-14 06:18:01.721] [error] [LM Studio] Live GPU memory info (source 'LMS Core'):
  GPU 0: NVIDIA GeForce RTX 3060 (Used: 1.89 GB, Total: 12.88 GB, Free: 10.99 GB)
[2026-08-14 06:18:01.721] [error] [LM Studio] Model load size estimate with raw num offload layers 'max' and context length '8192':
  Model: 479.06 MB
  Context: 38.88 MB
  Total: 517.94 MB
[2026-08-14 06:18:01.721] [error] [LM Studio] Strict GPU VRAM cap is OFF: GPU offload layers will not be checked for adjustment
[2026-08-14 06:18:01.721] [error] [LM Studio] Resolved GPU config options:
  Num Offload Layers: max
  Num CPU Expert Layers: 0
  Main GPU: 0
  Tensor Split: [0]
  Disabled GPUs: []
[2026-08-14 06:18:03.156] [error] [LMSInternal][LMSAuthenticator][Client=LM Studio][Endpoint=multiplexedLoadModel] Error in channel handler: Error: Engine protocol runtime llama-server for owiAIfdPhVh2aSR7Wb6OKAw2 exited before becoming healthy. exitCode=1, signal=null
    at ChildProcess._0x3ba02c (/opt/LM-Studio/resources/app/.webpack/main/index.js:243:28)
    at Object.onceWrapper (node:events:634:26)
    at ChildProcess.emit (node:events:531:35)
    at ChildProcess._handle.onexit (node:internal/child_process:293:12)
    at Process.callbackTrampoline (node:internal/async_hooks:130:17)
[2026-08-14 06:18:03.156] [error] Model instance not found: owiAIfdPhVh2aSR7Wb6OKAw2
[2026-08-14 06:18:30.844] [error] [LM Studio] GPU Configuration:
  Strategy: evenly
  Priority: []
  Disabled GPUs: []
  Limit weight offload to dedicated GPU Memory: OFF
  Offload KV Cache to GPU: ON
[2026-08-14 06:18:31.259] [error] [LM Studio] Live GPU memory info (source 'LMS Core'):
  GPU 0: NVIDIA GeForce RTX 3060 (Used: 1.73 GB, Total: 12.88 GB, Free: 11.15 GB)
[2026-08-14 06:18:31.260] [error] [LM Studio] Model load size estimate with raw num offload layers 'max' and context length '8192':
  Model: 479.06 MB
  Context: 38.88 MB
  Total: 517.94 MB
[2026-08-14 06:18:31.260] [error] [LM Studio] Strict GPU VRAM cap is OFF: GPU offload layers will not be checked for adjustment
[2026-08-14 06:18:31.260] [error] [LM Studio] Resolved GPU config options:
  Num Offload Layers: max
  Num CPU Expert Layers: 0
  Main GPU: 0
  Tensor Split: [0]
  Disabled GPUs: []
[2026-08-14 06:18:32.671] [error] [LM Studio] GPU Configuration:
  Strategy: evenly
  Priority: []
  Disabled GPUs: []
  Limit weight offload to dedicated GPU Memory: OFF
  Offload KV Cache to GPU: ON
[2026-08-14 06:18:32.876] [error] [LM Studio] Live GPU memory info (source 'LMS Core'):
  GPU 0: NVIDIA GeForce RTX 3060 (Used: 1.72 GB, Total: 12.88 GB, Free: 11.16 GB)
[2026-08-14 06:18:32.876] [error] [LM Studio] Model load size estimate with raw num offload layers 'max' and context length '8192':
  Model: 479.06 MB
  Context: 38.88 MB
  Total: 517.94 MB
[2026-08-14 06:18:32.877] [error] [LM Studio] Strict GPU VRAM cap is OFF: GPU offload layers will not be checked for adjustment
[2026-08-14 06:18:32.877] [error] [LM Studio] Resolved GPU config options:
  Num Offload Layers: max
  Num CPU Expert Layers: 0
  Main GPU: 0
  Tensor Split: [0]
  Disabled GPUs: []
[2026-08-14 06:18:34.358] [error] [LM Studio] GPU Configuration:
  Strategy: evenly
  Priority: []
  Disabled GPUs: []
  Limit weight offload to dedicated GPU Memory: OFF
  Offload KV Cache to GPU: ON
[2026-08-14 06:18:34.633] [error] [LM Studio] Live GPU memory info (source 'LMS Core'):
  GPU 0: NVIDIA GeForce RTX 3060 (Used: 1.72 GB, Total: 12.88 GB, Free: 11.16 GB)
[2026-08-14 06:18:34.633] [error] [LM Studio] Model load size estimate with raw num offload layers 'max' and context length '8192':
  Model: 479.06 MB
  Context: 38.88 MB
  Total: 517.94 MB
[2026-08-14 06:18:34.633] [error] [LM Studio] Strict GPU VRAM cap is OFF: GPU offload layers will not be checked for adjustment
[2026-08-14 06:18:34.633] [error] [LM Studio] Resolved GPU config options:
  Num Offload Layers: max
  Num CPU Expert Layers: 0
  Main GPU: 0
  Tensor Split: [0]
  Disabled GPUs: []
[2026-08-14 06:18:36.119] [error] [LMSInternal][LMSAuthenticator][Client=LM Studio][Endpoint=multiplexedLoadModel] Error in channel handler: Error: Engine protocol runtime llama-server for H7TP4VcLwt96J4mwgUkK9wrM exited before becoming healthy. exitCode=1, signal=null
    at ChildProcess._0x3ba02c (/opt/LM-Studio/resources/app/.webpack/main/index.js:243:28)
    at Object.onceWrapper (node:events:634:26)
    at ChildProcess.emit (node:events:531:35)
    at ChildProcess._handle.onexit (node:internal/child_process:293:12)
    at Process.callbackTrampoline (node:internal/async_hooks:130:17)
[2026-08-14 06:18:36.119] [error] Model instance not found: H7TP4VcLwt96J4mwgUkK9wrM
[2026-08-14 06:51:09.070] [error] [LM Studio] GPU Configuration:
  Strategy: evenly
  Priority: []
  Disabled GPUs: []
  Limit weight offload to dedicated GPU Memory: OFF
  Offload KV Cache to GPU: ON
[2026-08-14 06:51:11.071] [error] Failed to get live GPU info through LMS Core callback: Fork path '/opt/LM-Studio/resources/app/.webpack/lib/liblmstudioworker.js' does not exist..
[2026-08-14 06:51:11.071] [warn]  Falling back to shell for live VRAM by device
[2026-08-14 06:51:11.109] [error] [LM Studio] Live GPU memory info (source 'shell'):
  GPU 0: NVIDIA GeForce RTX 3060 (Used: 11.31 GB, Total: 12.88 GB, Free: 1.58 GB)
[2026-08-14 06:51:11.109] [error] [LM Studio] Model load size estimate with raw num offload layers '37' and context length '8192':
  Model: 8.92 GB
  Context: 357.82 MB
  Total: 9.28 GB
[2026-08-14 06:51:11.109] [error] [LM Studio] Strict GPU VRAM cap is OFF: GPU offload layers will not be checked for adjustment
[2026-08-14 06:51:11.109] [error] [LM Studio] Resolved GPU config options:
  Num Offload Layers: 37
  Num CPU Expert Layers: 0
  Main GPU: 0
  Tensor Split: [0]
  Disabled GPUs: []
[2026-08-14 06:51:12.302] [error] [LM Studio] GPU Configuration:
  Strategy: evenly
  Priority: []
  Disabled GPUs: []
  Limit weight offload to dedicated GPU Memory: OFF
  Offload KV Cache to GPU: ON
[2026-08-14 06:51:14.302] [error] Failed to get live GPU info through LMS Core callback: Fork path '/opt/LM-Studio/resources/app/.webpack/lib/liblmstudioworker.js' does not exist..
[2026-08-14 06:51:14.303] [warn]  Falling back to shell for live VRAM by device
[2026-08-14 06:51:14.327] [error] [LM Studio] Live GPU memory info (source 'shell'):
  GPU 0: NVIDIA GeForce RTX 3060 (Used: 11.38 GB, Total: 12.88 GB, Free: 1.50 GB)
[2026-08-14 06:51:14.327] [error] [LM Studio] Model load size estimate with raw num offload layers '37' and context length '8192':
  Model: 8.92 GB
  Context: 357.82 MB
  Total: 9.28 GB
[2026-08-14 06:51:14.328] [error] [LM Studio] Strict GPU VRAM cap is OFF: GPU offload layers will not be checked for adjustment
[2026-08-14 06:51:14.328] [error] [LM Studio] Resolved GPU config options:
  Num Offload Layers: 37
  Num CPU Expert Layers: 0
  Main GPU: 0
  Tensor Split: [0]
  Disabled GPUs: []
[2026-08-14 06:51:15.393] [error] [LM Studio] GPU Configuration:
  Strategy: evenly
  Priority: []
  Disabled GPUs: []
  Limit weight offload to dedicated GPU Memory: OFF
  Offload KV Cache to GPU: ON
[2026-08-14 06:51:17.394] [error] Failed to get live GPU info through LMS Core callback: Fork path '/opt/LM-Studio/resources/app/.webpack/lib/liblmstudioworker.js' does not exist..
[2026-08-14 06:51:17.394] [warn]  Falling back to shell for live VRAM by device
[2026-08-14 06:51:17.420] [error] [LM Studio] Live GPU memory info (source 'shell'):
  GPU 0: NVIDIA GeForce RTX 3060 (Used: 11.37 GB, Total: 12.88 GB, Free: 1.51 GB)
[2026-08-14 06:51:17.420] [error] [LM Studio] Model load size estimate with raw num offload layers '37' and context length '8192':
  Model: 8.92 GB
  Context: 357.82 MB
  Total: 9.28 GB
[2026-08-14 06:51:17.420] [error] [LM Studio] Strict GPU VRAM cap is OFF: GPU offload layers will not be checked for adjustment
[2026-08-14 06:51:17.420] [error] [LM Studio] Resolved GPU config options:
  Num Offload Layers: 37
  Num CPU Expert Layers: 0
  Main GPU: 0
  Tensor Split: [0]
  Disabled GPUs: []
[2026-08-14 06:51:18.505] [error] E [LMSExternal] [LMSAuthenticator][Client=lms-cli][Endpoint=loadModel] Error in channel handler: Error: Engine protocol runtime llama-server for brJT0zntk/DjuC/9bIaziwXx exited before becoming healthy. exitCode=1, signal=null
    at ChildProcess._0x3ba02c (/opt/LM-Studio/resources/app/.webpack/main/index.js:243:28)
    at Object.onceWrapper (node:events:634:26)
    at ChildProcess.emit (node:events:531:35)
    at ChildProcess._handle.onexit (node:internal/child_process:293:12)
    at Process.callbackTrampoline (node:internal/async_hooks:130:17)
